discount,profit,opt_price,exp_sold,exp_waste,spoil_risk,category
0.0,2946.7,31.72,158.0,0.0,0.16836732040671978,Seafood
0.0,254.79218279472363,7.0,66.42174039924623,4.578259600753775,0.37346652495556715,Dairy
0.2,-403.7340751789975,6.704000000000001,201.7938432012235,110.2061567987765,0.5518563401389333,Beverages
0.0,2535.0469041897286,14.6,355.62513042395403,11.37486957604595,0.1795105493787161,Deli
0.0,468.611408894719,2.58,401.63232902896084,38.36767097103914,0.5050360447778872,Beverages
0.0,505.06162511503646,4.18,369.21091509929107,42.78908490070894,0.6015135253928864,Produce
0.3,956.4839999999998,8.693999999999999,326.0,0.0,0.7429377720723711,Deli
0.0,736.4710336006676,5.66,333.0,29.242576151208976,0.4234140381009174,Beverages
0.0,1642.5395228409793,8.61,364.26939870394654,21.730601296053447,0.32605739426553343,Dairy
0.0,588.4062215096267,8.3,143.72364114573816,6.276358854261846,0.2423405683832988,Deli
0.0,1212.979240688249,10.15,230.61470351608367,23.385296483916346,0.5332351605769211,Deli
0.0,8557.5,38.79,375.0,0.0,0.6021211251114312,Seafood
0.0,1660.5,14.56,270.0,0.0,0.20390691511684647,Ready_to_Eat
0.0,501.937771485482,8.35,127.0,22.735181907377438,0.7315357297740537,Dairy
0.0,460.48751718901394,7.56,227.57771391389073,12.422286086109255,0.29977809792172416,Dairy
0.2,839.2679999999998,10.872,409.0,0.0,0.3614529104381733,Bakery
0.0,70.66191926466998,10.01,17.78340851794905,1.2165914820509498,0.3708521362253335,Deli
0.0,69.46754075911015,2.98,72.47904052319133,1.5209594768086767,0.11904071809975193,Dairy
0.0,159.1433081939816,2.62,214.40584282213038,5.594157177869625,0.14727247932821733,Dairy
0.4,-13.021361927982406,2.922,0.0,5.167207114278733,0.99757195063682,Beverages
0.2,-2016.4575,12.520000000000001,140.06249999999997,215.93750000000003,0.9264112025366815,Ready_to_Eat
0.0,334.88542946717155,2.23,464.23113429021146,18.76886570978856,0.2250611381354924,Beverages
0.0,230.50036050906866,2.64,185.9471062534351,31.05289374656491,0.8288042281976851,Beverages
0.1,75.02666666666673,6.57,74.07407407407408,7.925925925925924,0.9414749016746314,Bakery
0.0,484.70160783611993,7.58,178.0,28.333745146510736,0.6670808764452572,Dairy
0.0,487.10246601458874,5.69,251.10654685582713,47.84386126959122,0.7389321613343631,Deli
0.0,254.30999999999995,9.69,65.0,1.0,0.8043088268988432,Ready_to_Eat
0.0,438.01989830663774,8.53,157.13480636654606,4.865193633453935,0.17393810319766556,Dairy
0.4,-270.3695718654437,5.232,282.1923601174611,157.80763988253892,0.24267360059525034,Bakery
0.3,64.33501501501522,6.992999999999999,173.53282067996787,5.46717932003213,0.8522302893932496,Meat
0.2,254.86599999999999,1.832,353.0,0.0,0.5685301868287663,Produce
0.2,547.5960000000003,4.864000000000001,369.0,0.0,0.740580374518433,Produce
0.0,597.9960480953517,15.55,120.83061402542454,3.1693859745754565,0.14803454088448764,Meat
0.3,1875.7199999999998,11.536,420.0,0.0,0.7860463607813911,Deli
0.2,168.14999999999992,17.408,84.37499999999999,2.625000000000014,0.7822889807031905,Meat
0.0,436.79999999999995,15.45,65.0,0.0,0.4331206291961108,Deli
0.0,181.19314329195706,5.59,110.86632724589178,23.658097911340736,0.9321205969554005,Produce
0.3,379.11818068146295,15.995,161.97675402822526,8.023245971774742,0.636352841574576,Seafood
0.2,611.5500000000001,4.08,453.0,0.0,0.1853866712106164,Deli
0.2,45.26200000000001,2.664,53.0,0.0,0.7901968339888871,Beverages
0.0,1601.860222867055,7.43,424.0,45.23023549483179,0.5434898343135285,Produce
0.0,341.7023806192761,5.51,206.08028686375246,3.919713136247531,0.10810470704371776,Produce
0.0,1682.0199999999998,42.66,74.0,0.0,0.1988853775729976,Seafood
0.0,1273.4100000000003,7.41,457.0,39.0,0.4091229360662152,Ready_to_Eat
0.3,1.9054403131115922,2.5549999999999997,91.26631714798889,6.733682852011114,0.6246483547819957,Bakery
0.0,534.9730550177386,6.75,143.40193407670202,9.59806592329797,0.3633305466300163,Produce
0.0,4367.48,25.47,454.0,0.0,0.20192265071057805,Seafood
0.3,-3048.9165162252893,16.086,72.45825461735116,205.54174538264886,0.9437872718960794,Meat
0.0,22.75361436067912,6.45,15.0,5.61180658476905,0.9849141320981964,Dairy
0.2,746.0999999999996,12.096,474.99999999999994,20.000000000000057,0.6077524628402131,Seafood
0.4,-474.7903133903134,17.55,178.0119479549679,111.9880520450321,0.3080909480464361,Seafood
0.4,1216.607999999999,21.545999999999996,368.0,0.0,0.3860159937099578,Seafood
0.2,833.520000000001,12.880000000000003,302.0,0.0,0.9276918617858219,Deli
0.0,2625.6118872867555,16.99,449.8506113765012,15.149388623498782,0.18869125292621608,Deli
0.0,1303.0900000000001,6.99,311.0,0.0,0.3977691597025201,Dairy
0.0,1621.3999999999996,11.7,268.0,0.0,0.40570620214144926,Deli
0.0,278.6668467409096,5.01,152.0,11.126065290233237,0.3812979883983141,Dairy
0.0,159.99923760668227,6.72,48.0,9.441965510006254,0.8544606166726294,Dairy
0.0,3030.5599999999995,20.54,248.0,0.0,0.3808806871540252,Meat
0.3,-460.63520219328296,10.213,46.47065483273447,56.52934516726553,0.5975215438861194,Seafood
0.1,1165.5799999999992,16.416,214.81481481481475,4.185185185185247,0.6165725194979141,Meat
0.0,743.5847623510734,14.54,120.00032753446173,2.9996724655382683,0.1412467096751872,Deli
0.0,835.7,5.57,305.0,0.0,0.7170205972190398,Meat
0.0,208.10150585645107,2.22,204.0,45.77397361586629,0.8443034840880825,Produce
0.2,712.96,9.016,160.0,0.0,0.4437854909271852,Bakery
0.4,-33.681069518716725,3.366,340.463140368771,63.53685963122899,0.2086642055344813,Bakery
0.0,130.00391534789102,1.32,313.3438752635538,45.65612473644619,0.7365703149283258,Produce
0.3,542.6682481751824,7.672,196.55477687372036,0.4452231262796431,0.6594487761520089,Bakery
0.0,869.0956710412911,7.4,338.1156312217961,39.88436877820393,0.6111116146228807,Beverages
0.2,229.7380000000001,2.4960000000000004,233.0,0.0,0.2605507665877822,Bakery
0.0,436.35341531646316,4.61,223.14824627255163,12.85175372744837,0.3153987780032522,Deli
0.3,64.00093993152828,3.2129999999999996,233.72578273623665,14.274217263763347,0.7612554568140205,Bakery
0.3,-225.35884665792935,7.63,82.86253647995684,51.137463520043156,0.43348124907477475,Bakery
0.4,26.250814332247472,5.526000000000001,125.27159144629884,54.72840855370116,0.6234082131075266,Bakery
0.4,-335.59228260869565,7.176,78.57827722844263,64.42172277155737,0.9877142255692846,Seafood
0.0,3124.945966446191,16.64,406.05925279123744,29.94074720876257,0.3977276276787561,Meat
0.0,394.4122019676269,2.11,402.31857913157677,34.68142086842323,0.45964766624230263,Produce
0.1,215.12666666666655,2.322,397.53086419753083,39.46913580246917,0.6786503621698893,Bakery
0.3,-4162.950000000001,25.34,72.5,217.5,0.32491707090273797,Seafood
0.0,151.09062688729776,4.06,112.14054849440834,4.859451505591672,0.24055312618580094,Produce
0.1,398.0414364320883,10.359,99.66999096747642,2.330009032523577,0.7028157708473263,Bakery
0.0,385.343801527603,9.6,76.16497932579198,11.835020674208021,0.7789255745648743,Beverages
0.2,1835.262,34.856,117.0,0.0,0.9407016271512865,Seafood
0.4,-1298.633184079602,7.236,163.7281392924818,205.2718607075182,0.582368832794882,Deli
0.0,15.86478344214055,1.49,33.0,6.6490673307850585,0.8022858045449017,Produce
0.0,87.53518005994704,6.73,99.0,28.474629942742947,0.9816539569160286,Produce
0.0,935.639871754448,8.89,347.0,14.816519906658602,0.17266306051457786,Dairy
0.0,644.7019533965071,5.18,335.02740413059985,7.972595869400159,0.13462175401998303,Produce
0.0,430.67836345581384,11.51,82.98248162083526,2.017518379164737,0.13747008100514055,Bakery
0.2,575.82,4.288,315.0,0.0,0.7484468134754977,Meat
0.2,785.6999999999996,13.024000000000001,253.12499999999997,16.87500000000003,0.751408010787726,Ready_to_Eat
0.0,98.22919476274274,3.59,74.86049993391163,9.139500066088377,0.6301628096414664,Produce
0.0,761.6000000000004,18.67,172.0,16.0,0.4561302443797507,Seafood
0.0,2042.103332275799,13.45,303.0,30.31912585642635,0.4055443862072133,Deli
0.2,3136.772499999998,16.680000000000003,432.81249999999983,49.18750000000017,0.7203199944637384,Meat
0.0,132.73596517979442,13.28,19.0,2.782155704955477,0.5754836839708465,Deli
0.2,214.1760000000002,5.296,291.0,0.0,0.6596695423384031,Bakery
0.2,-488.032,5.2,24.564999999999998,114.435,0.8934551756837927,Bakery
0.2,375.59200000000004,5.104,353.0,0.0,0.7761838735218416,Ready_to_Eat
0.2,-1765.683532110092,7.848000000000001,80.2034235333726,283.7965764666274,0.4350008132151992,Ready_to_Eat
0.3,70.73999999999994,2.3939999999999997,135.0,0.0,0.8679679716930948,Beverages
0.0,763.1371026629813,11.93,195.0,34.54668095991464,0.7070164333187325,Deli
0.0,646.5319881857421,6.85,249.0,30.45066274782529,0.6123699572232587,Produce
0.0,680.504115559633,7.9,184.78279943792822,6.217200562071785,0.18852594434974076,Beverages
0.2,1263.792,11.208,339.0,0.0,0.2537618367533599,Bakery
0.0,1246.3887527740933,5.78,420.62435169101957,13.375648308980418,0.17849856383504525,Dairy
0.0,1314.61,16.02,209.0,0.0,0.3307373666735839,Ready_to_Eat
0.0,87.51198268103892,2.62,82.3175506416179,6.682449358382095,0.4348658302321841,Produce
0.2,1468.8000000000004,29.360000000000003,270.0,0.0,0.27229641452736686,Seafood
0.0,401.6337225339979,5.02,200.93859473161504,44.841981389319976,0.874455994685972,Beverages
0.3,-302.60227335771015,7.930999999999999,31.273197155754612,47.726802844245384,0.36306988607516516,Seafood
0.0,264.99196494049767,23.17,44.08597172811815,3.9140282718818487,0.4722721495959733,Meat
0.2,38.114000000000004,4.056,19.0,0.0,0.3439243193595319,Produce
0.0,1559.4000000000003,39.24,92.0,0.0,0.5256018687443995,Seafood
0.1,2823.9299999999994,15.065999999999999,377.77777777777777,9.222222222222229,0.5592204540351822,Deli
0.0,528.3377801210238,6.9,150.66924349580054,3.3307565041994662,0.12526558714116,Dairy
0.3,-173.1753492564213,8.876,174.57465646052037,55.42534353947963,0.8787564390785224,Deli
0.4,369.10781292241126,22.194,133.75271753277514,30.247282467224863,0.9563598967496518,Seafood
0.0,825.0000000000002,10.21,250.0,0.0,0.2823121542961331,Deli
0.0,451.4879289358561,14.01,96.0,12.431076585454356,0.5714099670888507,Deli
0.0,632.5634029185566,11.95,133.59526384255705,19.40473615744296,0.7345577173189956,Dairy
0.0,348.1420816421415,2.32,396.30693174230237,14.693068257697638,0.20705240950188034,Dairy
0.0,206.26990011501982,3.68,112.33031459111452,3.3711700906070416,0.11691596230485253,Dairy
0.0,996.160968362004,7.94,218.4988625141063,9.501137485893711,0.24135170441342907,Beverages
0.4,-12.926954887218095,3.192,54.352457742099595,23.647542257900405,0.7712534225815905,Bakery
0.0,14.380379730205577,1.01,47.930984958184396,18.7943387233071,0.9806492160360095,Produce
0.0,2424.8357123370856,12.46,396.7524648745654,48.24753512543458,0.6279495225103625,Deli
0.0,2968.1599999999994,31.56,311.0,23.0,0.3730645128699788,Seafood
0.2,1125.4880000000007,18.552000000000003,364.0,0.0,0.47863833630639474,Meat
0.3,129.14285714285717,11.914,91.83673469387756,8.16326530612244,0.9376602605008741,Deli
0.2,149.39600000000013,4.656000000000001,221.0,0.0,0.4443869324533899,Meat
0.0,2125.2,12.53,345.0,0.0,0.3228125283628817,Deli
0.0,395.94337326080625,9.62,140.0,30.09957544529404,0.8716456934925871,Dairy
0.0,115.01941942728624,5.4,58.0,27.056043164254834,0.985545713426456,Beverages
0.1,265.33,4.311,130.0,0.0,0.8417196359263686,Deli
0.0,673.2605237680041,4.29,467.3218004121222,27.678199587877845,0.3238487703065562,Dairy
0.0,472.29464954515345,4.6,205.02057598807687,8.979424011923138,0.24302128941463177,Dairy
0.2,1066.496,26.776,256.0,0.0,0.5723664993479557,Seafood
0.2,241.51600000000005,3.128,242.0,0.0,0.09005529549517603,Produce
0.1,1285.44,9.657,320.0,0.0,0.7410722202982856,Ready_to_Eat
0.2,587.8800000000001,5.24,284.0,0.0,0.20312408277696015,Bakery
0.3,-606.1348024582973,7.973,225.90307256261167,92.09692743738833,0.6987545523742743,Ready_to_Eat
0.2,-198.6600000000002,8.4,168.74999999999997,53.25000000000003,0.9360592514147454,Seafood
0.0,2967.8817646521293,15.94,449.046534796244,14.953465203756016,0.1866523570002572,Deli
0.0,454.2097252638438,3.65,309.22184253803937,19.778157461960607,0.3481765733439843,Dairy
0.0,1638.5586755071838,11.77,265.23844185446296,41.22804267443069,0.6075888299269743,Dairy
0.0,392.96478079038076,8.23,197.0,18.877894412938357,0.43045667886061073,Dairy
0.0,3627.371589768099,33.0,265.44762393236664,7.552376067633363,0.16022510868998902,Seafood
0.0,965.8739861099295,5.84,343.37568255307013,22.624317446929883,0.3580173016545569,Dairy
0.3,-266.5716216216215,7.251999999999999,179.31306927445928,79.68693072554072,0.9865419764827411,Bakery
0.2,33.60400000000001,6.784000000000001,31.0,0.0,0.7067956942503898,Bakery
0.0,270.81000000000006,4.9,153.0,0.0,0.441366223925987,Bakery
0.2,1486.824,16.384,246.0,0.0,0.8464325078437788,Seafood
0.0,319.29,6.29,87.0,0.0,0.22553541391745496,Ready_to_Eat
0.2,553.618,8.512,199.0,0.0,0.21018546680000363,Bakery
0.0,60.637196867792106,2.03,67.0,16.747559035786544,0.8151061511522845,Beverages
0.0,969.3126859603301,19.84,141.4421716713876,15.557828328612393,0.573930014157156,Meat
0.3,-2367.7204269437834,7.986999999999999,46.75467297561242,318.24532702438756,0.36643896737008835,Ready_to_Eat
0.0,402.78608071891296,5.68,148.2510705491044,3.748929450895589,0.14284771387258396,Deli
0.0,146.85042160856855,2.09,136.63178067395626,6.3682193260437465,0.25792390145987454,Beverages
0.4,173.32000351246936,22.776,27.218124495630022,1.781875504369978,0.5847332641907951,Seafood
0.3,933.5099999999992,10.982999999999999,370.0,0.0,0.8800260720402958,Deli
0.2,-361.62669724770643,4.36,63.560390539516874,111.43960946048313,0.8668607949815097,Produce
0.0,447.66419894621123,17.04,128.13491261163276,27.538155725229203,0.8306981386474288,Deli
0.0,1445.8500000000001,8.73,315.0,0.0,0.2318143468718525,Bakery
0.0,719.3244898169422,10.75,207.03682063018877,14.807263605096518,0.27487157344542046,Bakery
0.2,-1263.6444029850745,12.863999999999999,52.90777339979209,122.09222660020791,0.962148919405362,Ready_to_Eat
0.2,654.16,4.0,481.0,0.0,0.6267186890698511,Beverages
0.0,439.5875588305447,4.75,272.866854490641,6.13314550935902,0.12731766930236194,Produce
0.3,247.08599999999993,2.324,259.0,0.0,0.6725236905586076,Beverages
0.0,7838.9000000000015,36.56,430.0,0.0,0.3575520147803881,Seafood
0.4,-63.32602071907354,9.846,241.526912378725,71.473087621275,0.9796256844323813,Deli
0.2,303.07199999999983,7.752,231.0,0.0,0.5058456085420813,Deli
0.0,466.59271084255727,10.76,77.62235338615596,1.8224335949821664,0.13030956899031387,Deli
0.4,-73.64374341531699,5.232,0.0,14.847528914378426,0.9884268668561098,Dairy
0.0,993.7199999999999,6.63,273.0,0.0,0.1958605285048385,Bakery
0.0,2689.01,14.23,443.0,0.0,0.1963008099751126,Bakery
0.0,2500.2115090240754,14.08,332.0,17.57371237555056,0.2908071527675403,Deli
0.0,41.54,6.11,22.0,2.0,0.8498278017532966,Bakery
0.2,4900.8600000000015,34.61600000000001,285.0,0.0,0.5231858439080884,Seafood
0.0,21.333405698828404,5.59,23.0,7.4649415628328395,0.9826149114542019,Dairy
0.0,1817.3377916316654,6.63,472.43405605304156,14.565943946958459,0.17322847721845785,Beverages
0.4,-2.2206535947712354,3.0599999999999996,103.82331581870223,20.176684181297773,0.22592188773101518,Bakery
0.2,493.11599999999993,6.624,174.0,0.0,0.9565593391184892,Meat
0.0,5034.99,20.59,471.0,0.0,0.17130731372483987,Meat
0.2,552.6059999999995,10.200000000000001,335.7299999999999,36.270000000000095,0.3321224297845282,Bakery
0.4,309.77600000000007,26.586000000000002,76.0,0.0,0.7508443903516624,Seafood
0.2,-1262.005154639175,4.656000000000001,103.37088603110496,343.629113968895,0.9905986063636792,Bakery
0.4,-1438.8419104776194,7.997999999999999,179.08953357369103,208.91046642630897,0.9802341326654134,Bakery
0.0,851.7388850180893,8.77,318.1549469803979,9.845053019602128,0.17384164790976242,Dairy
0.0,596.0216374694628,12.27,90.41415138300431,2.585848616995686,0.16103851698067778,Deli
0.2,426.9794419164889,14.944,170.15253224815905,8.847467751840952,0.2500509725604273,Seafood
0.4,-1848.0545687984488,20.639999999999997,61.243964689997625,99.75603531000237,0.3807641923392023,Seafood
0.0,52.76422218361499,3.7,46.0,16.46583926403459,0.9536598222338609,Dairy
0.2,491.05600000000004,25.744,94.0,0.0,0.639164050067505,Seafood
0.0,797.6492780325987,6.94,267.5635893080445,59.362963705915455,0.8638575186433803,Beverages
0.0,2243.7605085203645,11.17,437.9503821306455,17.057394480857187,0.2157033201517796,Deli
0.2,3246.5399999999972,33.24,212.49999999999991,0.5000000000000853,0.5689149631456784,Seafood
0.4,422.066631016043,5.609999999999999,430.4753352969774,7.524664703022609,0.8567043687302511,Deli
0.0,541.243461625635,9.68,131.29349947810348,18.230601612553635,0.5387093878478212,Dairy
0.0,2899.71,22.38,261.0,0.0,0.29797246116904713,Meat
0.0,96.55502908065861,7.72,42.460495994903965,4.539504005096034,0.5593970351135353,Beverages
0.1,131.89333333333332,0.9450000000000001,358.02469135802465,38.975308641975346,0.9747783719990921,Produce
0.0,1271.93,6.08,373.0,0.0,0.2483696820534596,Dairy
0.0,113.98107665374116,5.5,70.0,7.433978098931099,0.5381965442692477,Dairy
0.1,2886.52,12.195,488.0,0.0,0.8493758917830625,Meat
0.0,541.6521519184212,3.85,332.0688214792606,79.55844711109253,0.9346499624927074,Beverages
0.4,-152.60532252617358,5.922,7.118317709190547,28.88168229080945,0.598012085246105,Ready_to_Eat
0.4,-28.418811881188148,2.424,127.17870796980688,57.82129203019312,0.9944600980618883,Bakery
0.0,140.13875911799664,4.53,54.33968192450257,2.660318075497429,0.27031386621083603,Beverages
0.0,344.33572895196113,11.23,77.64283320584417,14.917392750238097,0.9290082914860229,Dairy
0.0,56.20169751803567,7.02,24.0,5.315483676753086,0.9620605912060209,Dairy
0.0,1195.934564763365,5.33,416.9126763158283,16.087323684171697,0.2151817911937373,Deli
0.2,250.50999999999988,7.248000000000001,259.37499999999994,8.625000000000057,0.6005495316988386,Seafood
0.0,1511.0603828664168,9.4,323.84259392195924,10.157406078040777,0.1761351213698999,Bakery
0.0,1095.1846657044205,8.66,314.5247881875774,25.475211812422597,0.4339588015211449,Beverages
0.0,335.7922144351238,6.21,113.0,22.532513172176373,0.8156414077080956,Produce
0.3,-999.0488357457522,6.356,136.87085655353175,213.12914344646825,0.9839931455670378,Bakery
0.3,-1799.827142857143,8.456,34.566326530612244,236.43367346938777,0.12030582859677526,Ready_to_Eat
0.0,1177.76,13.41,272.0,0.0,0.30601447919604313,Bakery
0.0,286.13609703549696,3.94,171.0,15.348030271395704,0.4654026956240042,Dairy
0.4,-262.5262882392933,8.826,131.70107769779136,64.29892230220864,0.7791536892542257,Seafood
0.0,494.2584126651615,10.8,125.0,21.53109372171895,0.7745506627688389,Dairy
0.0,197.41613146903978,5.19,74.0,2.4933887421968186,0.13623658336842787,Produce
0.0,975.5120008798423,9.25,347.0,29.7686339157096,0.3469062554233515,Beverages
0.0,486.0638306160066,5.24,276.926303552673,6.073696447326982,0.12430146919851574,Beverages
0.0,2079.9672643834647,13.85,306.0,20.00192380914425,0.2644887917720612,Meat
0.0,1061.4799999999998,5.72,476.0,0.0,0.27170516992562216,Deli
0.0,3930.1999999999994,39.98,215.0,0.0,0.21014528424924223,Seafood
0.0,480.44954400190505,2.53,423.3081201588558,20.691879841144203,0.26991473394280235,Produce
0.2,1303.26,6.88,406.0,0.0,0.24980229084845743,Meat
0.0,21.920500377775422,5.92,9.815962901651254,1.1840370983487456,0.623422165470203,Deli
0.0,944.9345240420322,7.23,475.0462688854816,17.953731114518412,0.21091982966129502,Produce
0.0,253.4869557530084,16.12,50.30325989813798,11.220094826473044,0.8901911693709547,Meat
0.0,2799.16,23.29,364.0,0.0,0.24563267754002088,Meat
0.4,-982.6914913657766,7.644,242.7457494288623,189.2542505711377,0.2631022667408913,Ready_to_Eat
0.0,753.529312963792,11.91,264.0,27.550083784903457,0.42212467441602475,Deli
0.0,2386.880000000001,32.09,226.0,23.0,0.6356797826987856,Seafood
0.3,252.00999999999993,12.229,290.0,0.0,0.8137401349920633,Seafood
0.0,165.6808911652255,3.85,97.0,24.502402827353514,0.9336297932831036,Dairy
0.3,417.9869999999999,7.832999999999999,339.0,0.0,0.9271640720560517,Meat
0.2,221.0263201320128,9.696,194.16009902351618,14.839900976483818,0.6780974594197131,Deli
0.0,802.72,15.82,116.0,0.0,0.20932186964068392,Ready_to_Eat
0.0,-86.94,9.15,0.0,23.0,0.9995598943543432,Meat
0.0,1105.9768098177271,7.66,297.7270186956053,8.960227620480717,0.16740443639983538,Dairy
0.0,404.8952067835314,3.24,246.0,44.4776246047916,0.8203922546232865,Beverages
0.1,558.1169999999998,5.8229999999999995,189.0,0.0,0.8875757576531328,Bakery
0.4,-1242.1697611710326,7.788,206.50747802118227,258.49252197881776,0.5724815141296907,Ready_to_Eat
0.3,-1339.821597436213,8.113,83.18974516994783,203.81025483005217,0.9983538460936744,Deli
0.1,98.952,4.266,62.0,0.0,0.6470288364724915,Bakery
0.0,1130.4978493586327,16.35,173.66836999135367,8.331630008646325,0.265135696053557,Deli
0.0,2030.0515182030767,9.85,424.8986312896525,55.101368710347536,0.6648608553357347,Dairy
0.0,440.7,7.05,113.0,0.0,0.3950058701233443,Produce
0.2,1848.4180000000003,35.576,253.0,0.0,0.8153712192663933,Seafood
0.0,219.7901134420816,4.77,169.0,47.361581755689414,0.962478313563853,Beverages
0.0,249.80592441337018,4.62,171.73288407215804,8.26711592784195,0.2660058190006442,Produce
0.0,396.9325089474585,8.45,148.9624270943738,6.037572905626212,0.22560062808651005,Dairy
0.0,889.3572152123415,6.2,460.41890567940993,16.581094320590076,0.2013281140479406,Produce
0.3,-231.2341373534338,4.178999999999999,57.64677258831449,64.35322741168551,0.9308549016344746,Bakery
0.2,-1330.5224340175955,5.456,183.62858614047005,306.37141385953,0.8766960057563079,Deli
0.0,699.4164343622847,8.97,249.0,30.94773095578748,0.5020768660946462,Beverages
0.2,219.86435512367478,2.2640000000000002,328.73867275780685,16.261327242193147,0.12845232373578866,Bakery
0.4,-1716.393560551124,8.274,101.14653607068844,302.85346392931154,0.4314470169289265,Seafood
0.0,-1.0519569276150031,2.57,4.0,5.685433271465815,0.9978361676551641,Dairy
0.0,368.7981416595747,2.6,307.0,20.787678122462076,0.27425280482944703,Produce
0.0,1204.28,13.42,253.0,0.0,0.2002337728521266,Deli
0.0,549.7019643628284,7.68,302.0,62.127167826578486,0.9040825741936614,Produce
0.3,-133.71881918819187,1.8969999999999998,58.23994771313028,89.76005228686972,0.5292725733422315,Bakery
0.0,435.2400000000001,8.8,108.0,0.0,0.3235832104870575,Deli
0.0,1224.1520045742234,8.89,304.0,19.50284363802556,0.34437666005559076,Deli
0.0,1082.9081853194511,7.18,282.1821985124584,9.817801487541603,0.19473365247827024,Deli
0.0,104.4336852968211,1.86,194.0,41.23515110383384,0.8178889739350023,Produce
0.0,1332.964516427395,25.9,122.2858886651504,5.714111334849607,0.25855226275383963,Seafood
0.0,1713.5999999999997,13.59,340.0,0.0,0.2444012078026395,Ready_to_Eat
0.0,725.4,30.59,62.0,0.0,0.2440080297770729,Seafood
0.0,460.8003691335676,6.52,203.0,53.773699662628665,0.8847832010440265,Produce
0.0,346.4017452824846,6.5,120.31479039103644,26.366823164267338,0.972675033578859,Dairy
0.2,765.3100000000002,4.632000000000001,455.0,0.0,0.8422498873807743,Meat
0.0,1541.6210171388782,10.55,439.88243495975433,14.536725111584389,0.1846338602866964,Dairy
0.2,419.38199999999995,4.936,207.0,0.0,0.9259241892369352,Bakery
0.0,537.4405637384174,6.66,167.13179405056218,31.370683410929786,0.7125140195703441,Produce
0.0,2814.669999999999,17.18,446.0,17.0,0.20116701524987338,Ready_to_Eat
0.3,-52.88767929979382,28.665,0.0,2.0651182858177983,0.9967202935345216,Seafood
0.0,4008.21,15.91,471.0,0.0,0.3756619523021984,Meat
0.0,894.9778869004328,7.9,279.2377072025864,5.762292797413582,0.1171008578751601,Produce
0.3,-4082.246992014196,29.301999999999996,58.492014469517564,175.50798553048244,0.35459050984120377,Seafood
0.3,221.64999999999995,2.7159999999999997,275.0,0.0,0.7725923628696774,Bakery
0.0,205.26603464035128,3.15,174.98921734614328,10.010782653856724,0.31340499836487073,Beverages
0.0,2717.375111589598,17.76,267.0121121390539,14.987887860946074,0.30782291129219275,Deli
0.0,1461.5062633194532,8.12,412.3258944974696,10.67410550253038,0.14615064562857455,Dairy
0.2,2661.872,12.888,424.0,0.0,0.8840813511419672,Meat
0.2,-6189.928711985689,22.36,73.10694490225005,331.89305509774994,0.46010239643751794,Seafood
0.0,1030.1757339143237,8.59,224.14152897722047,15.858471022779515,0.3827010782235667,Deli
0.2,1962.1843373493975,17.928,394.76429815648135,10.235701843518655,0.4133315330664892,Meat
0.0,625.6116944051654,3.89,355.5916952198368,47.408304780163164,0.6813323258624513,Produce
0.3,294.0816498993962,9.94,303.17722836010023,46.82277163989977,0.6264293796034732,Deli
0.4,70.37999999999997,2.76,414.0,0.0,0.9357861384698152,Bakery
0.0,396.59999999999997,15.67,60.0,0.0,0.2707650344392418,Meat
0.4,-1112.2394971394156,6.642,169.14792274323761,202.85207725676239,0.9874251436857189,Ready_to_Eat
0.0,110.88692462187173,1.88,186.84410884142113,15.155891158578859,0.4345499685718927,Produce
0.0,3.602580624382753,3.91,85.0,39.99901877399896,0.9858051665779862,Beverages
0.0,1063.2891122812377,6.65,401.72167101973497,35.27832898026503,0.4675587440960646,Produce
0.2,183.84400000000002,3.9280000000000004,118.0,0.0,0.6752338337496926,Produce
0.0,73.56429485922808,3.74,41.0,9.173399459604987,0.7483100385229128,Beverages
0.0,128.2261595498708,2.16,148.0,12.885580210192627,0.35202842477940016,Beverages
0.0,863.7005495111212,9.2,210.84644849027188,41.16450621684292,0.7544760222987998,Beverages
0.0,641.2968122520765,4.23,308.143454433115,14.85654556688502,0.26639430213763027,Produce
0.0,1146.8637331227142,7.1,466.3441877637626,15.65581223623741,0.18812139059697428,Dairy
0.2,1439.4160000000002,19.768,242.0,0.0,0.16441051660512918,Meat
0.0,231.20732006687092,5.49,146.12883789924788,19.871162100752123,0.6933057349865923,Beverages
0.2,123.34725302419352,3.968,291.5693682016617,31.43063179833831,0.20211227763048603,Produce
0.0,224.54969800785054,3.11,154.0,12.268171236698967,0.32297340553806775,Beverages
0.0,948.7822617668451,11.07,243.11492879555962,6.885071204440386,0.15950637378650656,Dairy
0.0,2136.5499999999997,9.75,409.0,7.0,0.71066872263302,Ready_to_Eat
0.1,227.06999999999994,7.803,92.59259259259258,10.407407407407419,0.8157061831716973,Bakery
0.0,658.6974148493174,4.06,365.82202336190085,8.177976638099146,0.1266437838714637,Produce
0.0,934.724461839456,5.41,389.8011944250381,8.198805574961932,0.11931007816444912,Dairy
0.0,52.49581818329478,9.82,19.0,13.387483530605131,0.9940631194721272,Dairy
0.2,420.24000000000024,8.992,170.0,0.0,0.8441076797455881,Meat
0.0,1822.4999999999998,13.86,375.0,0.0,0.1235677927371587,Ready_to_Eat
0.2,1180.728,14.304,207.0,0.0,0.7743378336443186,Deli
0.4,-1651.836164154104,10.746,52.54828176492612,229.45171823507388,0.7165935006349179,Ready_to_Eat
0.0,1825.4587153224782,13.84,244.55317976494848,11.887164416697692,0.19018633687351,Deli
0.0,1574.047519856817,10.36,406.0,44.704191805339526,0.5230613898039908,Deli
0.0,668.7372934686839,6.04,268.05915454779534,13.940845452204643,0.2863186376083067,Produce
0.2,-30.9161767027276,12.648000000000001,0.0,2.9304432893580663,0.9983757286409585,Deli
0.0,201.48,2.07,219.0,0.0,0.1526766059429978,Dairy
0.0,200.20706913190008,2.95,129.16849801081358,2.83150198918642,0.12423745731824037,Beverages
0.0,1689.5666803033123,12.74,457.5256420960214,25.47435790397862,0.3054680059941082,Deli
0.0,383.76000000000005,40.71,24.0,0.0,0.2961150267397053,Seafood
0.0,163.58155792834393,7.04,53.86101675118522,1.1389832488147842,0.11994006005397255,Produce
0.0,1938.8399999999997,14.08,428.0,0.0,0.1030014769591788,Ready_to_Eat
0.4,34.480906768838,3.1319999999999997,193.1292805775345,36.8707194224655,0.27952081981440047,Ready_to_Eat
0.0,1285.3800000000003,12.84,389.0,33.0,0.28539524459673077,Deli
0.0,300.5095027106411,11.42,85.27929095539764,1.720709044602352,0.11455071477114377,Seafood
0.2,1737.626,20.264,209.0,0.0,0.7839220973613387,Seafood
0.3,105.82857142857138,9.155999999999999,38.775510204081634,1.224489795918366,0.7731747292263175,Ready_to_Eat
0.0,661.5,4.05,378.0,0.0,0.33590407436083525,Bakery
0.4,-157.77457013574661,1.3259999999999998,49.09911754468583,149.90088245531416,0.9668562685849438,Bakery
0.0,1197.5207334973068,7.66,327.8564926236693,30.143507376330692,0.48766363504790183,Beverages
0.0,820.6000000000001,8.8,220.0,0.0,0.5695289576338461,Dairy
0.0,691.7895683095137,3.11,463.0095074950205,25.99049250497948,0.3078330636881513,Produce
0.4,67.04711889132011,5.484,61.82478462642599,2.1752153735740123,0.3792607265971887,Bakery
0.3,-85.15952662721912,7.098,223.5390917684955,34.460908231504504,0.383896372151622,Dairy
0.0,1703.2137065182142,9.71,430.6522869740694,10.347713025930574,0.13589873087007562,Beverages
0.0,2436.7200000000003,15.65,426.0,0.0,0.13750411696774287,Ready_to_Eat
0.2,1178.5280000000005,31.912000000000003,104.0,0.0,0.2522554944249377,Seafood
0.3,123.85743440233229,4.459,457.42485633602433,7.575143663975666,0.3984711040341349,Meat
0.4,-184.31,18.372,8.333333333333334,14.666666666666666,0.9940069197269437,Seafood
0.4,328.841071532001,6.906,210.23762981928775,22.762370180712253,0.14546256627651924,Ready_to_Eat
0.2,2891.7824999999993,35.288000000000004,198.43749999999997,13.562500000000028,0.8013708309811209,Seafood
0.0,893.3928970540646,5.14,345.0,27.8419927737014,0.41453416469054627,Deli
0.3,-2725.0986776859504,8.469999999999999,132.9493887029575,349.0506112970425,0.2249388598267188,Bakery
0.0,781.387041641954,9.48,232.17795797910907,6.822042020890919,0.16532026918348797,Beverages
0.0,1577.846996358347,15.4,300.4796750882043,16.52032491179568,0.30183454048492875,Deli
0.4,170.50999999999993,11.85,59.0,0.0,0.8247536241343002,Meat
0.3,308.10399999999987,13.237,152.0,0.0,0.8209556019042523,Meat
0.4,-69.90993135011439,5.244,22.465688148338216,29.534311851661784,0.9583547426955098,Bakery
0.0,417.447408235528,4.73,297.61890237537585,31.381097624624147,0.5524358403824524,Dairy
0.0,81.1550399399213,7.03,71.0,14.475451955026331,0.9527063823156053,Beverages
0.0,703.2713695228683,9.74,197.43545888325136,7.564541116748636,0.2137166417770914,Beverages
0.4,-74.1482608695652,2.07,12.527410207939509,59.47258979206049,0.9207712743398115,Produce
0.2,1228.788,15.888,261.0,0.0,0.8130214749711681,Meat
0.3,-1423.3078695082922,27.496,153.13398787066149,74.86601212933851,0.9778542869341099,Seafood
0.0,621.9813480359425,7.38,300.0408330672009,10.959166932799102,0.2040923694750669,Beverages
0.0,149.58,9.67,27.0,0.0,0.7029284051560424,Ready_to_Eat
0.2,-2624.1901878201484,14.056000000000001,215.61538219833892,260.3846178016611,0.97805491734359,Meat
0.3,-77.66772036474168,4.935,346.8393677072459,97.16063229275409,0.9016869192776531,Ready_to_Eat
0.4,-666.5956826241135,9.024,79.6613826879307,99.3386173120693,0.1734829493826079,Ready_to_Eat
0.3,-2104.2706406685234,12.565,59.04730277210317,206.95269722789683,0.5385787154893571,Ready_to_Eat
0.0,378.85082734724625,6.49,210.17424150188694,6.825758498113065,0.18218004254493012,Deli
0.0,1470.01,13.81,205.0,9.0,0.38254790968657826,Seafood
0.3,-87.72229335881508,4.186,19.827450224841115,24.172549775158885,0.3704351676606892,Ready_to_Eat
0.0,807.2600806525184,8.41,288.4994150597525,49.50058494024753,0.8482097205929932,Dairy
0.0,424.43740632449044,7.48,147.80179228937038,28.198207710629628,0.9279369148280625,Beverages
0.0,82.09221350009163,7.65,21.227740326809364,0.772259673190637,0.20330604439558447,Meat
0.2,-634.8873611111114,6.336,253.31954527918066,154.68045472081934,0.842567281943922,Meat
0.4,-823.3241469084146,21.51,11.798970390124842,56.20102960987516,0.16465853037688594,Seafood
0.4,-36.599999999999994,10.193999999999999,8.333333333333334,4.666666666666666,0.9733146456190396,Seafood
0.0,62.586535295546135,2.9,55.0,8.342133793760691,0.7105225287085001,Beverages
0.0,162.80000000000004,4.49,110.0,0.0,0.18460828885676295,Bakery
0.3,-266.936743897906,16.142,21.789323262426837,20.210676737573163,0.9884150170830033,Meat
0.0,1807.3858221276294,12.0,473.0154851773024,22.984514822697562,0.2683881141745843,Meat
0.0,613.1955261704302,11.6,120.0,22.377417519116978,0.7535136650200196,Deli
0.0,480.2363588094628,2.24,437.38230303993873,12.61769696006127,0.16239669761782027,Produce
0.0,134.25708599223583,5.03,82.0,11.987470948568976,0.5883763054769959,Produce
0.0,3696.72,17.29,438.0,0.0,0.189977631378319,Deli
0.0,81.53947917570122,3.71,83.11694945430435,16.805695171144063,0.9096667457907411,Beverages
0.0,605.4164913770254,5.38,220.76886456822032,30.23113543177967,0.6975741072191296,Produce
0.2,1348.05,8.368,475.0,0.0,0.12578321874116305,Bakery
0.2,563.7300000000001,11.224,345.0,0.0,0.3171776289544149,Ready_to_Eat
0.0,1700.5781878300795,8.16,445.4017387046666,20.59826129533339,0.25600842682103025,Deli
0.4,-650.9574888463991,12.552000000000001,233.894400187508,71.10559981249199,0.7514464342771883,Meat
0.0,250.69266256190997,3.13,228.22768771946005,10.772312280539936,0.26104816717544677,Produce
0.0,687.8935642185372,5.95,283.0,20.64525481142163,0.37019226462719085,Dairy
0.2,-1254.9758620689656,9.28,135.11035969084423,184.88964030915577,0.467772648404898,Bakery
0.0,323.2414902285108,8.15,115.50219877539497,26.59008393517015,0.8953665713241172,Dairy
0.1,1723.5255555555557,11.376000000000001,376.5432098765432,30.456790123456813,0.8615256091108494,Bakery
0.0,757.4230935556061,5.9,388.71577856874677,11.284221431253243,0.16338840115611072,Beverages
0.0,1535.19,16.45,219.0,0.0,0.17849643652312328,Deli
0.3,-1884.3080147795163,28.958999999999996,61.54535671882607,73.45464328117393,0.945230142828619,Seafood
0.0,269.9808261112954,9.95,97.0,26.695582542474114,0.8989190206707055,Beverages
0.0,1030.7903224116462,16.39,199.05371094640918,15.946289053590823,0.4295668773387211,Deli
0.0,738.9241608108239,4.87,308.0,31.74814249516789,0.4179027787979932,Beverages
0.0,230.41287233795586,5.38,148.90387961672042,4.096120383279573,0.1550568280956281,Produce
0.0,1331.0575976840773,14.6,286.0,45.14579770848924,0.7578929211801824,Deli
0.0,3053.16,20.88,257.0,0.0,0.2992074668030387,Meat
0.0,642.2793159594,11.26,99.75926429479574,3.2407357052042607,0.18222837561751354,Meat
0.2,1540.8600000000004,11.520000000000001,421.0,0.0,0.24158746712320583,Ready_to_Eat
0.2,434.484,4.032,447.0,0.0,0.15703983284537573,Ready_to_Eat
0.3,-8452.530433127082,29.414,125.94375354840953,350.0562464515905,0.413921759473231,Seafood
0.1,1060.9100000000005,12.420000000000002,277.0,0.0,0.7760131891359863,Ready_to_Eat
0.4,10.87330490405202,11.256,332.7250626247381,159.2749373752619,0.28708266720751485,Seafood
0.2,2362.888000000001,14.352000000000002,484.0,0.0,0.1971893451167587,Meat
0.0,2898.0,21.5,300.0,0.0,0.4457251768776855,Meat
0.2,153.56400000000022,2.5920000000000005,402.0,0.0,0.6551916682866282,Produce
0.0,68.70850930129225,3.87,62.0,23.18979636751631,0.9803609013869617,Beverages
0.0,2330.33,11.89,467.0,0.0,0.25974746641130986,Bakery
0.2,559.3949078850396,10.856000000000002,256.1509679334045,30.8490320665955,0.8861487593456948,Deli
0.2,141.54999999999987,4.288,437.49999999999994,27.500000000000057,0.7790599931480681,Beverages
0.0,464.0078311897348,38.42,25.280266298535523,0.719733701464476,0.16032753134628686,Seafood
0.2,1190.703957075788,11.928,344.81924522768173,37.18075477231827,0.9146963215408181,Ready_to_Eat
0.3,-319.0431741000679,4.417,32.6594579805144,80.34054201948561,0.45423305896236943,Bakery
0.0,357.84000000000003,8.48,72.0,0.0,0.16372654734763092,Ready_to_Eat
0.0,696.7247360451396,9.35,240.42403594065664,38.575964059343356,0.800796561508708,Beverages
0.0,656.829085398658,9.11,324.0,40.255700730371714,0.49925235804435303,Beverages
0.2,321.3720000000002,2.7680000000000002,474.0,0.0,0.12417129411444501,Bakery
0.2,338.184,9.112,122.0,0.0,0.3944132911574143,Bakery
0.1,1563.7439999999997,16.488,208.0,0.0,0.36004475358106647,Seafood
0.3,33.31368046522303,13.069,60.05843449883105,2.9415655011689523,0.5302158783029267,Seafood
0.0,1270.7331860362776,4.98,483.247627718128,12.752372281871985,0.14890830519528767,Dairy
0.4,-1499.5259755524207,17.016,141.5270348170886,177.4729651829114,0.9975766580603321,Seafood
0.4,-538.3005800981706,4.481999999999999,52.32026325342026,131.67973674657975,0.18546082554786777,Ready_to_Eat
0.4,11.360000000000047,5.604,50.00000000000001,1.999999999999993,0.8694789988286206,Dairy
0.0,499.51999999999987,7.1,223.0,0.0,0.3492222124513496,Bakery
0.0,399.7660324347347,2.83,328.77244962358117,9.227550376418831,0.15811728156319532,Dairy
0.0,6362.72,30.93,364.0,0.0,0.8818569186171794,Seafood
0.2,235.15200000000002,3.936,142.0,0.0,0.7512925184111211,Bakery
0.0,1528.92,12.07,372.0,0.0,0.23723836721703456,Bakery
0.0,357.89466154436064,4.84,241.17245073230592,41.82754926769408,0.8560233248462461,Beverages
0.0,632.88,6.15,216.0,0.0,0.2659883708955889,Produce
0.1,1491.6699999999998,11.529,430.0,0.0,0.7836629866417777,Meat
0.0,1480.04,14.54,227.0,0.0,0.23250167878470396,Ready_to_Eat
0.0,608.7795245267333,4.6,335.59337489711595,9.406625102884021,0.1579153529129251,Deli
0.2,359.45599999999996,3.696,376.0,0.0,0.16650817286551628,Deli
0.2,1286.8800000000003,12.456000000000001,280.0,0.0,0.525990397773453,Deli
0.0,1375.1764606144934,17.37,164.21626140555517,9.78373859444484,0.3256605910927487,Deli
0.0,1180.26,11.88,237.0,0.0,0.39418053163984773,Bakery
0.3,267.51199999999994,6.327999999999999,119.0,0.0,0.9204489292162301,Meat
0.0,641.0672536420296,13.45,163.0,21.019305617790064,0.522482872406322,Meat
0.2,1554.808000000001,10.368000000000002,386.0,0.0,0.5943280656896237,Meat
0.3,-461.09615490166186,6.558999999999999,88.49273442572621,99.50726557427379,0.33888244921394506,Bakery
0.0,1427.9669292549017,10.39,252.4068266847836,5.5931733152164,0.125559097551223,Dairy
0.2,567.3120000000001,7.704000000000001,223.0,0.0,0.10677829565464671,Deli
0.0,2010.854753960139,15.93,306.1227089742711,10.87729102572888,0.19873350893525824,Deli
0.3,974.6749999999996,12.578999999999999,325.0,0.0,0.7997208477601302,Ready_to_Eat
0.0,1320.821680700231,8.61,288.54142632987583,14.458573670124178,0.27637097980391323,Dairy
0.0,274.9300655028646,2.16,414.55095625132617,10.449043748673846,0.14239581709794794,Produce
0.3,-146.27948051948047,3.7729999999999997,21.06560283077644,46.93439716922356,0.35627658678135,Ready_to_Eat
0.2,175.29750000000004,2.624,258.3984375,35.6015625,0.8159413134400054,Bakery
0.2,-1030.478583916084,4.576,160.88754722113552,292.1124527788645,0.4435124877109351,Ready_to_Eat
0.0,1403.7960637251108,19.73,164.3039059161232,3.6960940838767953,0.12742168694965905,Meat
0.2,696.2760000000001,4.312,378.0,0.0,0.27355775237925467,Deli
0.0,771.6232769307236,7.34,204.5890023066381,6.410997693361919,0.1759757317900134,Beverages
0.0,1345.557776207534,10.47,337.0,53.4887699092068,0.6427249908727756,Dairy
0.0,902.1896638644665,11.22,160.78339250128934,6.216607498710653,0.21559892513534987,Dairy
0.0,209.43999999999997,5.76,119.0,0.0,0.3183004807231979,Ready_to_Eat
0.3,783.6712383621989,9.988999999999999,428.03796559837815,56.96203440162185,0.6985906160636826,Ready_to_Eat
0.3,923.7939999999994,8.602999999999998,278.0,0.0,0.463877320970329,Ready_to_Eat
0.0,392.99943758690927,2.6,277.21132214881123,7.78867785118875,0.15828089445521437,Beverages
0.4,-1595.8483495009139,14.226,234.48415932089736,147.51584067910264,0.9753072725789272,Seafood
0.0,827.8599999999999,13.33,202.0,8.0,0.8696287988980536,Ready_to_Eat
0.0,134.4586747497298,6.04,39.50309184598176,1.496908154018245,0.211456437864554,Dairy
0.3,-391.5793692022263,10.241,210.24710778222575,65.75289221777425,0.9644777799158165,Bakery
0.0,491.3999999999999,7.17,195.0,0.0,0.19649850945524514,Ready_to_Eat
0.0,2662.92,10.14,468.0,0.0,0.642046872067286,Bakery
0.2,1345.7749999999996,12.104000000000001,428.12499999999994,36.87500000000006,0.8411451337432773,Meat
0.2,4408.444999999998,29.927999999999997,365.62499999999994,17.375000000000057,0.6681319036899673,Seafood
0.0,1446.2555122278113,7.56,360.03776616769994,60.962233832300086,0.8386647531182658,Produce
0.0,418.41825445879573,2.17,439.59366564921464,10.406334350785375,0.13393524493603168,Produce
0.2,137.65520865533244,5.176,270.30432933835635,21.695670661643646,0.3171205183074455,Dairy
0.0,971.5999999999997,9.37,280.0,0.0,0.16784987435097468,Deli
0.0,301.4,12.67,55.0,0.0,0.3085343971822469,Bakery
0.1,4830.057000000002,19.953000000000003,459.0,0.0,0.8857567249792226,Seafood
0.2,-1237.845098039216,8.16,107.89888504421374,199.10111495578627,0.9753507487374695,Bakery
0.4,297.69999999999976,8.219999999999999,229.0,0.0,0.9090925343111705,Deli
0.0,770.1181219663412,6.86,272.33500320209055,5.6649967979094615,0.11802241237209746,Dairy
0.2,422.5760000000001,15.968000000000002,77.0,0.0,0.6098709749404585,Seafood
0.2,433.7599999999999,8.608,181.24999999999997,7.750000000000028,0.6150627097165908,Meat
0.2,18.77499999999994,6.28,84.37499999999999,10.625000000000014,0.8681159956719441,Produce
0.2,1412.7749999999992,32.800000000000004,161.71874999999994,22.281250000000057,0.20774891962243724,Seafood
0.3,189.72800116528921,27.460999999999995,31.99766946452385,0.002330535476151141,0.5713053112652449,Seafood
0.0,214.4651367007574,7.84,152.7123898853007,27.28761011469931,0.8780163651371047,Produce
0.2,530.3220000000001,6.768000000000001,169.0,0.0,0.8676913112438716,Beverages
0.0,3342.0100000000007,21.35,421.0,13.0,0.26306492571454454,Seafood
0.0,56.0248695726154,7.28,26.338580985249365,2.6614190147506345,0.5315264391760988,Dairy
0.0,690.5917796256222,7.02,303.12703413470405,35.87296586529597,0.6128824714455215,Dairy
0.3,108.26199999999996,3.759,418.0,0.0,0.6505567488836372,Produce
0.2,-919.1820000000005,35.2,101.00249999999998,47.99750000000002,0.9492433852988736,Seafood
0.1,245.1244444444444,27.342,32.098765432098766,3.901234567901234,0.8223924061312295,Seafood
0.0,84.24331228763083,5.17,55.0,9.969703802717257,0.730911473000365,Beverages
0.0,269.7365054894272,12.8,46.0,1.2686658534181907,0.11133018476913693,Bakery
0.2,119.63447653429614,11.08,56.907443730532144,8.092556269467856,0.7595910459970394,Ready_to_Eat
0.0,728.1,5.34,325.0,20.0,0.4747786489879509,Meat
0.0,521.8313734398572,9.0,182.64196854202086,12.140382749355968,0.2566205495450858,Dairy
0.0,753.3643154103678,6.45,350.20221944346787,37.79778055653215,0.5642144287609591,Produce
0.3,-2.821540021074042,1.1969999999999998,0.0,3.6173590013769767,0.9976585569478225,Produce
0.0,606.0,4.08,404.0,0.0,0.321505352133614,Dairy
0.4,86.24128540305013,4.59,172.33797067604579,18.662029323954215,0.316075941444332,Ready_to_Eat
0.0,2059.54,12.0,313.0,0.0,0.29086948525191963,Meat
0.4,-364.1242909987672,9.732,158.80350482955538,121.19649517044462,0.9802905677343235,Meat
0.2,1445.7300000000002,12.56,337.0,0.0,0.31105607423024656,Deli
0.3,-30.78352361915749,6.895,0.0,4.973105592755652,0.993205914857351,Beverages
0.0,1754.1745800750487,11.37,387.3126279749383,19.68737202506165,0.28015795162020374,Deli
0.1,1298.3880000000001,31.743000000000002,156.0,0.0,0.43818210503953325,Seafood
0.4,-424.06635761589433,8.154,198.8047145430593,153.1952854569407,0.9980368425218448,Deli
0.0,636.6600000000001,5.19,243.0,0.0,0.31583985689984545,Produce
0.0,1186.4916699541661,13.48,215.0898864951162,13.910113504883823,0.3518072669373788,Seafood
0.0,546.4347238825828,5.51,278.0,35.80422806287166,0.5132897173999194,Produce
0.3,-714.0483116883116,3.8499999999999996,136.36147748355543,215.63852251644457,0.93413384016325,Ready_to_Eat
0.0,206.58297899359476,2.5,228.7091915974379,30.29080840256211,0.6773618211857529,Dairy
0.0,218.15329893978222,3.89,158.0,16.654934387761145,0.4268193514161993,Dairy
0.0,669.9295535911078,4.66,408.10934626418623,10.890653735813782,0.15053917845884301,Dairy
0.0,4613.897074770863,19.63,473.0360201105891,23.963979889410904,0.27926221109155236,Meat
0.3,368.31800000000004,28.938,61.0,0.0,0.6426076119552031,Seafood
0.0,967.748818682561,6.15,286.0,13.678477771757187,0.19369752681385047,Beverages
0.0,1303.6479165461014,8.3,435.0611947645905,20.938805235409536,0.2659479635701515,Dairy
0.2,406.2080000000003,8.264000000000001,352.0,0.0,0.2836676439646387,Bakery
0.2,-242.02125,5.6000000000000005,87.76406249999998,62.23593750000002,0.9445234818068013,Produce
0.1,429.4822222222222,8.109,102.46913580246913,1.5308641975308745,0.9459468897121827,Dairy
0.1,603.8466666666669,4.635000000000001,459.25925925925924,18.740740740740762,0.9677118478444647,Produce
0.2,358.66399999999993,10.552,107.0,0.0,0.6916548798900605,Bakery
0.3,211.0439999999999,4.997999999999999,258.0,0.0,0.9168891525485321,Meat
0.2,1653.0599999999997,8.192,476.56249999999994,5.437500000000057,0.7693021897989503,Bakery
0.2,553.5499999999995,23.648,242.18749999999997,23.81250000000003,0.790927691213532,Seafood
0.0,308.63812922894476,9.5,66.32822412936261,9.671775870637397,0.7370589872682303,Beverages
0.1,286.59999999999997,10.071,100.0,10.0,0.5842936627906907,Meat
0.0,1151.8663907360371,6.36,371.5120111220184,33.48798887798158,0.47889869996441836,Beverages
0.0,104.33706923217734,3.98,84.14247970657722,2.8575202934227777,0.19023029669741312,Dairy
0.2,1466.6400000000003,19.200000000000003,194.0,0.0,0.4024957664253881,Meat
0.2,131.85600000000005,12.056000000000001,41.0,0.0,0.23365973144567992,Deli
0.0,936.6999999999999,19.07,95.0,0.0,0.12611547844649926,Seafood
0.0,451.8799999999999,2.51,316.0,0.0,0.39729860216834173,Produce
0.0,1134.7679068111242,4.74,444.3139043905325,11.686095609467502,0.14842744342300027,Beverages
0.0,205.2,3.55,135.0,0.0,0.4178552535792691,Bakery
0.2,272.97600000000034,10.992,188.0,0.0,0.8042904648068187,Deli
0.0,962.6222342557267,9.91,332.48054836082,45.519451639179984,0.6974528227501784,Beverages
0.3,-7.835031055900601,7.727999999999999,16.05913159214537,1.94086840785463,0.12681866256347735,Meat
0.0,1195.7843752766353,10.53,209.88455605666053,20.11544394333946,0.506537264093586,Dairy
0.4,-341.05453767123277,7.008,265.0963844647213,145.90361553527867,0.9955469482114676,Ready_to_Eat
0.2,2132.676000000001,16.424000000000003,279.0,0.0,0.8108030050979693,Meat
0.3,-1207.5093163075287,7.518,263.07138649806745,210.92861350193255,0.9186074050990998,Seafood
0.3,-4859.088031138502,21.580999999999996,100.6307385599138,259.36926144008623,0.6499728985085811,Seafood
0.0,972.6899999999997,12.44,237.0,6.0,0.4693344207960226,Meat
0.3,-1501.9437107707759,7.966,59.4848467523505,207.5151532476495,0.6451646571244424,Seafood
0.0,244.00000000000006,8.65,80.0,0.0,0.18823198382288953,Seafood
0.0,3038.7599999999998,12.52,414.0,0.0,0.1786123675756408,Deli
0.0,379.27427320640635,17.44,52.55873126183522,2.4412687381647786,0.25707658068550227,Deli
0.0,288.20000000000005,31.66,22.0,0.0,0.13482384647259923,Seafood
0.0,1435.4471564772377,5.69,456.4230503474934,27.576949652506574,0.329997370348915,Beverages
0.0,1636.8432042047514,11.09,393.85150624028415,13.148493759715835,0.18710750596493006,Bakery
0.0,677.4399999999999,5.34,292.0,0.0,0.1415802870887856,Ready_to_Eat
0.0,11.747305907374383,1.35,20.078271414613656,2.5075528535540723,0.46848750943840134,Produce
0.0,861.0,7.51,287.0,0.0,0.4099681243920987,Bakery
0.0,342.27388432737035,4.76,162.68021966066013,11.547184072151099,0.2763569159577723,Deli
0.0,445.7904413155506,6.48,177.2670434128936,20.732956587106408,0.6064648889314217,Beverages
0.2,528.5045464725646,7.144,243.72684021172515,0.2731597882748531,0.21107403659703802,Seafood
0.0,2953.9400000000005,20.91,463.0,0.0,0.17907443011707636,Seafood
0.0,564.8298761298287,5.92,322.0,14.193013501296043,0.17831312246320438,Produce
0.0,1283.2474429252259,7.7,316.1723951850943,34.82760481490571,0.5746800303250243,Dairy
0.0,27.8526409157816,2.98,74.0,35.470090388760454,0.9924338396841074,Beverages
0.0,107.12525629955275,5.12,48.0,11.499890000191963,0.9652820049580553,Beverages
0.0,627.3524504854383,7.42,304.47337607620466,24.52662392379537,0.43176903055342186,Beverages
0.0,1080.670517614261,5.08,421.858770676281,13.539605316033162,0.17862864300334802,Produce
0.0,209.79,5.84,81.0,0.0,0.179946881380636,Ready_to_Eat
0.0,902.9329362457726,7.67,277.5636161989273,16.436383801072672,0.323793821841861,Dairy
0.0,408.83681746267075,5.12,177.35094091067788,14.649059089322137,0.44189401207022233,Produce
0.2,-521.0422344610545,10.168000000000001,379.4883719058758,116.5116280941242,0.7482151781960229,Deli
0.4,-427.6649999999995,9.0,294.21500000000003,171.78499999999997,0.28683830734126625,Ready_to_Eat
0.0,1470.4199999999998,14.1,189.0,0.0,0.3354629608644695,Bakery
0.0,478.3372069504492,8.83,214.42097473957523,35.57902526042478,0.8242589123099912,Beverages
0.2,2019.50550322432,17.368000000000002,466.5474149714601,24.452585028539886,0.28198489691293205,Meat
0.2,530.4324999999999,3.8000000000000003,335.93749999999994,21.062500000000057,0.9440560012230975,Produce
0.2,2638.4799999999996,35.144,295.0,0.0,0.5871730448490422,Seafood
0.0,1398.2939726373975,8.1,315.7572805725182,27.242719427481774,0.460008601173183,Dairy
0.0,405.0180702594142,4.26,328.0,21.388003429783733,0.33845331659933336,Produce
0.0,366.7199999999999,10.7,96.0,0.0,0.1768073345015211,Bakery
0.0,507.46489597432196,7.62,173.40096145241628,8.262081023719881,0.2629224534456694,Produce
0.0,63.386046062022935,3.66,32.4661328038314,0.5338671961685975,0.09369769578253048,Dairy
0.0,71.55789267614493,2.64,70.0,2.591094438368643,0.15006964551652718,Dairy
0.2,2200.992,10.248000000000001,454.0,0.0,0.11449906063209599,Bakery
0.2,133.4161044362292,8.656,120.3923410855163,9.607658914483693,0.2593888209375053,Seafood
0.4,-804.9461583011581,12.431999999999999,67.80275431940493,79.19724568059507,0.7099544108942152,Meat
0.0,996.1471229550036,8.02,277.4896662038658,14.510333796134212,0.2878088645798895,Beverages
0.0,1070.0,5.33,500.0,0.0,0.2437055044334661,Dairy
0.0,35.459999999999994,5.26,18.0,0.0,0.4327498335375944,Deli
0.2,-1314.9132862190813,11.32,56.721441146724274,149.27855885327574,0.48220234719691396,Ready_to_Eat
0.0,1193.9831220323933,9.14,282.0,18.10778263939408,0.3438547657250714,Deli
0.2,2077.4520000000007,25.656000000000002,207.0,0.0,0.5464369199303124,Seafood
0.2,801.8900000000004,4.952000000000001,445.0,0.0,0.48514254413504887,Beverages
0.0,115.56,16.66,18.0,0.0,0.5520537272977731,Ready_to_Eat
0.0,687.1128100115541,5.9,260.517689766367,6.759530236781241,0.14236178861802096,Produce
0.2,362.8299999999999,13.456000000000001,124.99999999999999,6.000000000000014,0.8007011872414188,Meat
0.0,672.0983739030498,11.74,98.0,3.1462211621459253,0.12923488175067407,Deli
0.4,-569.0540056417491,4.254,62.330981278385295,144.6690187216147,0.8419058311106092,Ready_to_Eat
0.0,7.55933299498238,2.48,7.0,1.3056500042522194,0.7561995055268844,Dairy
0.2,1345.320245700245,16.28,204.7180740602116,28.281925939788408,0.11239684787401401,Meat
0.3,-619.0535621521336,5.39,74.96594394209023,157.03405605790977,0.9849928306222093,Deli
0.3,617.3835674822416,6.335,260.8150856325559,3.184914367444094,0.5031024098783172,Dairy
0.0,33.04345176948276,1.04,77.4648574706565,10.535142529343503,0.6933736892978322,Produce
0.0,1526.08,11.92,304.0,0.0,0.2605312877084909,Bakery
0.0,161.11376243607938,2.83,252.53843195621178,28.461568043788215,0.5866270944562427,Produce
0.0,191.8925202647223,3.0,257.0,44.618479028790475,0.7022254380428455,Beverages
0.3,-5.957142857142841,9.975,83.6734693877551,6.326530612244895,0.8162652083678928,Meat
0.0,487.13086421214496,6.02,184.0,19.45873304519834,0.42851736534462426,Deli
0.0,272.2462127001608,6.24,119.0,28.433789122206655,0.9744457103228078,Beverages
0.2,3711.032,31.376,442.0,0.0,0.15688348832736165,Seafood
0.0,266.40000000000003,11.14,74.0,0.0,0.23321359562275654,Seafood
0.0,853.2427547329899,9.27,282.67451507367747,14.32548492632255,0.27935889054157287,Deli
0.2,416.45999999999935,12.975999999999999,221.87499999999997,25.12500000000003,0.7628207952662267,Deli
0.0,1339.7699999999998,16.59,213.0,0.0,0.3799820114099501,Ready_to_Eat
0.2,149.5999999999998,2.7600000000000002,219.99999999999991,8.526512829121202e-14,0.13705902439300763,Bakery
0.0,242.5603401554856,2.87,168.0,33.34425197018019,0.8507554432571891,Dairy
0.3,277.0949999999998,2.9469999999999996,435.0,0.0,0.780920330953457,Bakery
0.0,32.363123910619564,4.25,18.0,5.7295032738604466,0.9217732182134568,Produce
0.0,717.4691732399951,7.39,332.16632926116307,39.83367073883692,0.620178924968524,Dairy
0.2,803.0599999999997,6.448,284.37499999999994,12.625000000000057,0.950167632913743,Deli
0.0,88.55999999999999,1.46,164.0,0.0,0.5765919211147545,Produce
0.4,-393.62868312757195,7.29,39.47754689608066,83.52245310391933,0.5817483973858067,Bakery
0.0,1360.68,30.98,87.0,0.0,0.2278019837001983,Seafood
0.0,171.97771335863166,2.05,308.0,42.70403560409792,0.6424181517321719,Dairy
0.0,3036.6243365074024,38.63,224.5152559282268,6.484744071773196,0.16258874374568205,Seafood
0.0,629.1699688938552,5.12,284.58396695843743,10.04234689684531,0.19583413070935274,Produce
0.0,267.5713642773704,4.96,197.6333395720505,11.366660427949522,0.3149895995674987,Dairy
0.0,46.98920678527385,5.81,27.760620789203763,2.2393792107962374,0.432330626220964,Produce
0.0,109.26433280197946,3.2,205.0,68.36783359901028,0.9541427095702428,Beverages
0.3,376.53299999999996,6.181,153.0,0.0,0.8480182758037806,Seafood
0.4,-2471.0717770034844,17.22,68.20721387900787,171.79278612099213,0.2886346387854054,Seafood
0.0,984.5399999999998,16.33,122.0,0.0,0.39192696877033206,Deli
0.0,31.546206379795855,4.79,37.0,15.783983195726146,0.9829768182024703,Beverages
0.2,-3119.0677464788732,14.200000000000001,48.43748264233287,259.56251735766716,0.9288545342017505,Deli
0.0,759.4552955574919,4.33,425.2460266876425,12.753973312357518,0.1686479272626963,Produce
0.0,37.86096417580833,9.65,24.0,10.534587490943258,0.9840914518706714,Dairy
0.2,782.9172050561789,22.784000000000002,175.54060766573818,4.459392334261821,0.648057587935512,Seafood
0.1,2433.332222222223,15.183000000000002,450.61728395061726,46.382716049382736,0.9501094881574614,Ready_to_Eat
0.3,-791.6737436476568,10.626,160.787338260149,109.212661739851,0.11487041463682147,Ready_to_Eat
0.4,119.85382934750544,6.773999999999999,134.4543592187047,7.545640781295305,0.908876250885418,Bakery
0.1,304.2,9.0,65.0,0.0,0.622975624742718,Ready_to_Eat
0.1,357.05,2.475,370.0,0.0,0.8520992702087185,Bakery
0.0,714.1887150900212,4.96,461.0602248165365,31.939775183463475,0.3752274052755791,Dairy
0.1,792.608,26.136,68.0,0.0,0.7901753918579608,Seafood
0.0,85.68349998053216,6.5,27.064684132094328,0.36295929589381076,0.07507744888626836,Beverages
0.2,1165.8780000000002,26.808,171.0,0.0,0.7981353686849829,Seafood
0.0,496.2757916184343,5.66,210.0,11.189842933407586,0.21531144199400734,Deli
0.0,608.9700000000001,11.05,159.0,0.0,0.8228814827114854,Ready_to_Eat
0.0,1243.930633564728,9.68,363.50523074015786,12.494769259842165,0.19246422270299288,Meat
0.0,352.5406068908159,5.93,270.0,33.04839638572426,0.49459422428620525,Beverages
0.0,756.2511387448288,14.54,196.69884035383967,28.301159646160315,0.7285029716340303,Deli
0.2,115.8633935018052,4.432,244.174953407447,12.825046592553008,0.6636354631305905,Meat
0.3,474.4228571428572,24.576999999999998,83.6734693877551,10.326530612244895,0.7775993295933924,Seafood
0.3,790.3869118340406,4.241999999999999,488.42454310090545,2.5754568990945472,0.8175021650034155,Produce
0.0,778.4231391179717,4.66,450.23457920986516,22.76542079013484,0.278755956301892,Dairy
0.0,903.3050209657049,8.46,323.3752979864899,11.624702013510115,0.20097712835625794,Meat
0.0,1344.0,11.69,200.0,0.0,0.12706007763864913,Bakery
0.2,1434.3359999999998,8.488,402.0,0.0,0.11526866560745361,Ready_to_Eat
0.4,-666.6307544836114,6.467999999999999,92.01596251026415,136.98403748973584,0.1292683683890608,Ready_to_Eat
0.0,2173.437081641903,17.64,260.08828299069165,56.36259909500926,0.9017622607703375,Deli
0.2,-219.57867112810715,4.184,48.74792755064361,68.25207244935639,0.9780553884547334,Produce
0.1,367.38888888888914,5.571000000000001,372.8395061728395,37.16049382716051,0.7720696490593999,Ready_to_Eat
0.3,494.4419999999995,11.752999999999998,234.0,0.0,0.8681305592300954,Deli
0.0,1253.98,15.16,169.0,0.0,0.17018117324138912,Meat
0.2,181.68000000000004,9.288,60.0,0.0,0.8244374171087487,Bakery
0.0,28.56247711249194,4.57,22.0,9.569088985749154,0.9896740451936532,Beverages
0.0,209.42579067357283,3.23,136.66433147788632,23.335668522113664,0.8447143635397628,Produce
0.4,-662.4526563006149,6.1739999999999995,243.57747711360304,171.42252288639696,0.3902561006171404,Meat
0.1,441.7444444444445,5.841,282.71604938271605,32.28395061728395,0.8391708922504861,Bakery
0.0,142.6607146980938,5.38,83.58377596618844,2.4162240338115595,0.16272278297273757,Dairy
0.0,17.887407426241086,4.39,15.769341099371548,1.2306589006284527,0.41927444256822954,Dairy
0.2,406.89599999999973,13.376,196.0,0.0,0.11080493824350189,Ready_to_Eat
0.0,540.9956228918529,5.19,299.0,18.86615632331674,0.3139885413224369,Dairy
0.0,829.7508391798887,5.77,436.0625371195648,20.93746288043521,0.2653490083304546,Produce
0.3,-45.80269773145295,8.155,89.53001867180222,16.469981328197775,0.08866846242222372,Bakery
0.0,836.537779031444,5.75,307.20309200546853,16.796907994531484,0.3002575576915292,Beverages
0.0,894.8244808412238,7.53,266.42290582220767,40.57709417779234,0.765512315568406,Dairy
0.0,1179.0566857716176,9.52,327.77906363147247,12.220936368527559,0.20817816703554468,Beverages
0.1,1826.2688888888888,28.071,230.86419753086417,27.135802469135825,0.8221003752272076,Seafood
0.0,543.0385895511421,10.61,99.0,12.261274221240756,0.500100024273431,Dairy
0.0,86.46479221285037,2.24,109.0,21.326618005908802,0.8460163356469305,Beverages
0.3,416.7734101382496,8.463,235.37556541867536,37.624434581324635,0.6404377646667742,Bakery
0.0,802.7943075830226,7.76,316.0,29.055584187652148,0.42711321070100944,Produce
0.3,-52.900143655227254,7.518,199.10346586123606,32.89653413876394,0.7818001057837574,Deli
0.0,748.7922210784893,8.17,323.44090833274043,43.55909166725956,0.6874203192706594,Beverages
0.2,-2528.952,11.200000000000001,47.91499999999999,272.08500000000004,0.4292205333501798,Ready_to_Eat
0.0,692.5559715764693,9.55,190.340939432091,3.659060567908989,0.10923894142603237,Dairy
0.0,1219.5927863903055,21.16,217.06393130388966,24.936068696110326,0.5967909576836288,Meat
0.0,770.625951560663,23.74,131.65231472454352,13.347685275456488,0.5331477370820075,Meat
0.2,942.4559999999996,8.831999999999999,428.0,0.0,0.4287294397638749,Meat
0.4,-54.234069043576675,3.534,26.29200083656574,18.70799916343426,0.9317706017150831,Meat
0.1,1639.6355555555551,16.893,323.45679012345676,24.543209876543244,0.904725951226156,Meat
0.3,-440.9145666738708,4.627,94.42088466093132,114.57911533906868,0.6672325905190518,Bakery
0.3,446.8530000000001,4.011,363.0,0.0,0.871323642497524,Ready_to_Eat
0.0,343.44227553610136,4.54,295.0,58.141037043935704,0.7074331970948494,Produce
0.2,460.1060000000005,5.984000000000001,379.0,0.0,0.7762528771141999,Deli
0.0,2.5404068472716688,8.53,48.0,22.03435338256942,0.9892822445939579,Beverages
0.2,328.9649999999997,26.152,246.87499999999997,24.12500000000003,0.931171507494527,Seafood
0.0,950.4563409993797,5.05,333.733378651253,9.676537792414235,0.1619770603485361,Beverages
0.3,3174.3180000000007,24.913,366.0,0.0,0.8644280557010177,Seafood
0.3,-93.39351988217966,1.3579999999999999,221.94880715597964,107.05119284402036,0.7319130850061094,Produce
0.0,1253.3736788904505,11.78,317.69301179036086,17.306988209639172,0.2992170282581384,Dairy
0.0,325.4729476306967,5.73,146.42065941902905,5.95840017751096,0.22264225102517818,Produce
0.0,2949.4299999999994,17.29,447.0,17.0,0.22960020602411385,Deli
0.3,-447.59084631008807,4.431,69.97272707964612,118.02727292035388,0.9793282680467196,Meat
0.0,897.1899883920277,7.62,258.0,60.08631297856318,0.943102300027571,Deli
0.0,321.0489210764626,5.61,230.0,17.890301514971213,0.3149425769085716,Produce
0.2,960.9440000000006,13.008000000000003,218.0,0.0,0.7348464623405837,Ready_to_Eat
0.0,144.4618851186047,2.37,226.0,24.742381334227748,0.5327197898856126,Beverages
0.0,1267.1999999999994,17.49,240.0,0.0,0.15383607415086745,Ready_to_Eat
0.0,359.89955528549694,5.41,240.48420615258723,31.515793847412773,0.6710717573082923,Dairy
0.0,560.0585089519382,6.18,253.61626358445602,9.38373641554398,0.206647267144125,Dairy
0.0,322.40000000000003,3.52,208.0,0.0,0.17499393464800372,Bakery
0.0,4168.59,24.71,283.0,0.0,0.2266549208430208,Meat
0.2,317.696,7.456,136.0,0.0,0.30452562257470783,Bakery
0.4,141.71399999999994,4.05,309.65777777777777,50.34222222222223,0.9367717464980879,Deli
0.0,212.05418262559454,2.36,314.9805858583028,7.01941414169724,0.12625675095678557,Produce
0.0,1016.3813397963437,11.18,181.7979731481524,9.202026851847592,0.2790356825159485,Dairy
0.0,278.98,11.58,58.0,0.0,0.6999450914149262,Seafood
0.4,87.6405511811023,3.048,127.62157190981046,19.378428090189544,0.2181050397327799,Bakery
0.0,1215.8400000000001,7.4,408.0,0.0,0.42609150109599914,Meat
0.0,483.422505922383,2.9,403.8905192835803,18.109480716419682,0.2485439298089905,Produce
0.0,968.7835433317721,6.01,474.80591403190886,21.194085968091162,0.24748143732896116,Produce
0.0,271.76,17.68,53.0,1.0,0.7834359884725148,Meat
0.0,179.79409242487327,5.12,82.89728367673305,5.102716323266941,0.3358368652962443,Produce
0.0,151.138341285942,7.93,60.0,18.993104309989768,0.9401988295353427,Dairy
0.0,21.264079878506102,1.37,53.944583852924154,2.055416147075845,0.21257948545178562,Produce
0.2,1016.2260000000001,6.464,369.0,0.0,0.13458228594419533,Ready_to_Eat
0.0,577.7609783967284,3.21,393.2339496563017,42.76605034369826,0.5680967021227638,Beverages
0.4,-968.4512259702575,5.513999999999999,59.555454122187626,261.4445458778124,0.8155019375309482,Meat
0.4,-1016.5049999999997,9.18,273.58333333333337,167.41666666666663,0.9914469164653813,Seafood
0.3,82.28428571428617,20.034,328.92653916912684,50.07346083087316,0.12886771951858808,Seafood
0.2,-16.85000000000008,9.184000000000001,78.12499999999999,16.875000000000014,0.9806497684185884,Bakery
0.4,-122.29803486829636,10.554,40.77998532610419,28.22001467389581,0.9666255884705602,Ready_to_Eat
0.0,2744.74,11.83,466.0,0.0,0.15510357809175715,Bakery
0.0,478.8,5.67,280.0,0.0,0.1299725954211322,Beverages
0.0,8219.720788130087,39.65,428.0,21.433960548018106,0.26469101470518774,Seafood
0.3,-996.2554041416162,31.436999999999994,35.27577681898349,42.72422318101651,0.9290094942834728,Seafood
0.3,9.180911136108037,1.7779999999999998,180.79916261873345,30.200837381266552,0.9222350955557458,Bakery
0.0,193.64836195039624,2.97,274.99944846814685,35.000551531853176,0.6539172720881087,Produce
0.4,-155.67926199261996,8.13,14.207962854536289,32.79203714546371,0.2654799063230456,Bakery
0.1,2045.8020000000006,13.689000000000002,278.0,0.0,0.8916501738902839,Ready_to_Eat
0.0,425.52197151218905,4.24,283.7080121491012,15.291987850898815,0.2962118104326369,Produce
0.0,3278.8799999999997,13.29,432.0,0.0,0.27566803213303365,Deli
0.0,162.26000000000002,1.07,271.0,26.0,0.6881035862129637,Produce
0.0,306.2320780123388,6.29,110.66487726746244,2.335122732537552,0.11968531931429366,Dairy
0.4,265.1999999999998,12.797999999999998,150.0,0.0,0.8805398248092103,Meat
0.0,442.47220915758203,2.79,283.5850000860507,7.023284149365482,0.13835744188791704,Dairy
0.0,681.3103564620715,6.42,331.0,49.92602731871463,0.6113296836407938,Beverages
0.0,1767.1480288937237,11.79,338.57404825222426,13.425951747775734,0.22090829976341195,Deli
0.0,54.37347664110003,7.16,18.633167128645255,0.3668328713547447,0.11182122839643781,Beverages
0.0,1329.5707736256604,9.77,405.882371916649,24.11762808335101,0.32484467545283896,Dairy
0.4,-675.7934210526312,7.068,228.07110624609066,236.92889375390934,0.24842777834155202,Ready_to_Eat
0.0,684.541735520012,11.47,172.83886098692344,19.161139013076557,0.578002487579253,Meat
0.3,-3.3871584314954113,1.253,0.0,3.256883107207126,0.9927918085599271,Produce
0.0,3082.59,22.14,233.0,0.0,0.39740977797271293,Meat
0.4,266.60800000000006,7.134,152.0,0.0,0.7789749361250475,Ready_to_Eat
0.3,-60.98294383716471,7.958999999999999,222.2850931226078,22.714906877392195,0.8653887400709096,Ready_to_Eat
0.0,206.68991276863565,3.65,238.0,69.91166847970435,0.9160876157752768,Produce
0.0,609.2806358800525,5.88,416.81813535375045,54.18186464624957,0.6662583338895569,Beverages
0.0,914.7600000000002,5.73,396.0,0.0,0.5157834942281757,Ready_to_Eat
0.0,25.57398544678572,4.56,37.0,29.5795416526578,0.9960304320757931,Dairy
0.4,-43.31531728665229,5.484,127.5136182920036,60.4863817079964,0.8823217835074747,Bakery
0.3,-1187.6705915670234,6.356,131.71954191834118,222.28045808165882,0.9602534988740156,Bakery
0.2,134.15999999999997,1.8399999999999999,312.0,0.0,0.12004209031862635,Produce
0.4,-101.77935483870965,0.9299999999999999,92.62434963579608,123.37565036420392,0.996511935707592,Produce
0.0,1049.6761943298047,9.22,225.15034645659486,11.849653543405132,0.2895789048281006,Deli
0.0,625.6800000000001,10.91,132.0,0.0,0.4960304810876749,Deli
0.0,457.27202638901895,8.41,176.0,24.173771743831896,0.6698965566792544,Dairy
0.3,631.446,4.263,382.0,0.0,0.6103888327538758,Ready_to_Eat
0.4,947.3039999999994,11.184,446.0,0.0,0.9270949128525524,Meat
0.0,734.4314333980766,6.19,298.85645127594125,10.143548724058741,0.1901258001399635,Deli
0.0,1314.0400000000002,11.4,361.0,0.0,0.21175818725966405,Deli
0.0,2589.62,22.38,308.0,33.0,0.359601427845048,Seafood
0.0,682.0641391782166,20.71,69.14198049418776,11.402195322827492,0.6603863544565561,Meat
0.0,845.6800000000001,8.89,248.0,0.0,0.3424140370319562,Ready_to_Eat
0.0,47.2069646272902,7.3,20.0,11.664434414330062,0.9934920298476814,Beverages
0.3,1656.7634589502024,10.402,485.24451633822366,9.755483661776339,0.5979477922485096,Deli
0.2,63.02499999999988,12.872,40.62499999999999,4.375000000000007,0.9242279067129239,Deli
0.2,530.7851543209872,4.5360000000000005,355.561101040782,25.438898959218022,0.8128527370269026,Produce
0.4,-571.3944444444444,7.613999999999999,169.182500072965,175.817499927035,0.9525609062837747,Bakery
0.0,1241.1,10.69,210.0,0.0,0.3669924536657981,Meat
0.1,730.4640000000002,9.018,168.0,0.0,0.3857936173864405,Bakery
0.0,370.3485483787366,6.71,213.0,49.09936921318402,0.9447546358961705,Dairy
0.3,-594.0407594046641,8.533,38.32875197413991,83.67124802586008,0.4574667262261861,Bakery
0.0,452.2015106645441,7.69,132.55936419564944,5.440635804350577,0.22833904660750848,Deli
0.0,4445.70693505569,18.11,439.0,19.115433326053513,0.2406777430867637,Meat
0.0,391.07478394259715,3.41,254.10725233049362,7.1185424521361,0.15326691429445297,Produce
0.0,2435.327348007861,17.83,269.468965864099,10.2599967508979,0.15197777443300156,Meat
0.4,-289.625945945946,5.55,110.87100073046018,113.12899926953982,0.9728839298078084,Ready_to_Eat
0.0,1571.705904535374,8.66,424.2119982142464,56.78800178575359,0.6837874497697707,Dairy
0.0,257.6768355258465,7.32,62.0,2.7403183083015006,0.1783284440076183,Beverages
0.0,60.89829187807632,2.34,63.47362900772493,5.526370992275072,0.4638745650155151,Beverages
0.0,1457.7615382020974,8.12,475.81792342390366,13.182076576096351,0.15612936220481827,Deli
0.3,-999.7005037783377,11.116,268.6307571268138,151.36924287318618,0.43090177543534997,Meat
0.3,-410.17417677642993,4.039,89.01357346461256,125.98642653538744,0.9645492275725724,Deli
0.2,1255.68,13.64,327.0,0.0,0.5113816795400885,Deli
0.4,-575.1691166989038,6.204,109.70839511623085,150.29160488376914,0.48099560266938074,Bakery
0.2,511.16812264860795,10.632,325.87736292782245,0.12263707217755382,0.8012597388229591,Bakery
0.1,1575.1760000000002,6.588,482.0,0.0,0.866282198956179,Deli
0.2,127.69600000000007,9.776000000000002,46.0,0.0,0.5429700831717564,Meat
0.0,1989.8536908651974,9.98,394.9703097059316,34.02969029406842,0.4594204458496095,Beverages
0.0,1041.1641529787878,7.87,444.5646954229718,24.43530457702821,0.30175503722861713,Deli
0.0,5317.38,20.57,458.0,0.0,0.5618929466367338,Meat
0.0,447.64429424079157,7.29,136.26945051314013,7.730549486859872,0.31092632024363753,Deli
0.0,59.761163465812956,2.09,97.49337964871434,2.5066203512856626,0.14517711974974867,Dairy
0.0,520.0131746298346,9.76,123.74315313830272,8.256846861697277,0.36228463320208004,Deli
0.0,98.93197875347167,9.52,39.0,9.720576251615082,0.7712208563485753,Deli
0.2,2228.442000000001,13.712000000000002,411.0,0.0,0.16974368746864277,Ready_to_Eat
0.0,1839.5600000000002,11.0,435.0,14.0,0.2134365305385287,Ready_to_Eat
0.2,31.588611898017042,2.824,185.5271288590712,20.47287114092879,0.31150467812915955,Dairy
0.0,2066.64,16.51,218.0,0.0,0.3242697877547029,Meat
0.0,827.6208549385192,11.0,132.19462317622902,5.805376823770973,0.24364692966163717,Dairy
0.4,-1547.8278451424394,8.213999999999999,132.20138237856838,214.79861762143162,0.16377139586993802,Ready_to_Eat
0.2,-668.2109362549801,12.048000000000002,17.95393955386951,66.0460604461305,0.43615718448135765,Ready_to_Eat
0.2,161.55000000000007,9.784,75.0,0.0,0.625484239047257,Ready_to_Eat
0.0,1121.5801868235274,7.42,282.70352922149965,11.296470778500336,0.22253845438050768,Produce
0.4,99.23383500557418,1.794,182.40459030411046,7.595409695889543,0.9448586959863507,Produce
0.0,633.2739719779688,4.41,466.86484625350766,13.13515374649234,0.15849061029257683,Beverages
0.0,73.5718492764103,2.21,87.86056528344358,2.139434716556416,0.13767850576750265,Beverages
0.0,279.7985624372814,5.75,100.0,10.149790135342748,0.4082293119514308,Dairy
0.0,196.12999999999997,1.21,397.0,21.0,0.40448504987103373,Produce
0.2,990.7549999999992,14.744,428.12499999999994,27.875000000000057,0.6482126947891326,Meat
0.0,117.17965230557492,2.48,180.0,48.62524145446188,0.8638807275373089,Dairy
0.0,880.7903555105077,7.89,245.50828333466512,11.49171666533488,0.25897712237728077,Meat
0.0,1833.709320678875,19.29,304.0,25.55443003443375,0.3709393595259406,Meat
0.0,-139.70000000000002,22.4,0.0,10.0,0.9988460176221785,Meat
0.0,2660.96862132802,15.53,371.4049337622679,13.595066237732095,0.20451737643929394,Meat
0.0,172.5367171344164,2.03,336.00330893321006,58.99669106678992,0.8650479336812816,Beverages
0.2,-2051.7986861313866,9.864,68.17328810509052,250.82671189490947,0.24572647646196105,Ready_to_Eat
0.3,78.20857142857145,6.061999999999999,183.67346938775512,7.326530612244881,0.8165460465358751,Beverages
0.0,2147.0656256543543,9.92,442.8039945216083,42.19600547839174,0.5038940334896611,Deli
0.3,81.438,3.941,98.0,0.0,0.7312300920963476,Meat
0.0,138.84563480608455,8.07,106.0,24.286248217075542,0.8959223928069632,Beverages
0.0,1569.3,11.49,394.0,22.0,0.7777812944496215,Deli
0.4,459.42400000000015,6.228000000000001,293.0,0.0,0.6851609087091529,Dairy
0.0,5083.990000000001,24.05,373.0,0.0,0.173316132907964,Meat
0.0,428.74,13.23,97.0,0.0,0.14667700395163816,Deli
0.4,-197.04676056338002,5.111999999999999,121.0628402653795,95.9371597346205,0.9968092990069946,Ready_to_Eat
0.2,946.6640000000002,12.192,292.0,0.0,0.20224335502791796,Deli
0.4,-640.4862650602408,6.9719999999999995,228.67666880948929,128.32333119051071,0.701832043096685,Meat
0.2,4227.552000000001,28.336000000000002,432.0,0.0,0.2910979277036468,Seafood
0.0,2431.96,11.76,373.0,0.0,0.29096814120939635,Bakery
0.4,-349.4725421198551,9.378,83.84276582215237,91.15723417784763,0.9798137683654566,Meat
0.2,-611.8723557692309,4.16,251.61241447855022,210.38758552144978,0.1405297251930715,Ready_to_Eat
0.0,1449.7,29.86,109.0,0.0,0.6464497862108634,Seafood
0.4,-332.30380742605416,19.068,97.88106736804833,28.118932631951665,0.9752964001234371,Seafood
0.0,190.57000000000002,7.23,59.0,0.0,0.5193997261353246,Ready_to_Eat
0.2,1943.0,8.176,500.0,0.0,0.2730830894621883,Ready_to_Eat
0.0,102.41949595232161,3.56,83.0,21.924186982433902,0.881801066582474,Beverages
0.3,-242.05691417810053,7.433999999999999,66.03350629834537,40.96649370165463,0.48120454784613503,Ready_to_Eat
0.0,202.94937546561096,8.69,88.0,5.941576009095142,0.27096147696642253,Dairy
0.0,2394.4,15.82,410.0,0.0,0.21106499680672888,Ready_to_Eat
0.2,248.52000000000012,11.056000000000001,95.0,0.0,0.11567916323251946,Bakery
0.0,2926.254725099119,16.15,427.2108188915863,12.789181108413702,0.16834478818943013,Meat
0.2,1551.6725045972776,21.752000000000002,179.78634169719,14.21365830280999,0.12396089184570346,Seafood
0.0,37.05260530367719,2.05,60.0,13.45931170625881,0.8758756625898434,Produce
0.0,449.81504936476034,16.83,135.0,21.684002634156432,0.6541055547201052,Meat
0.0,433.28999999999996,2.86,303.0,0.0,0.1258091918442241,Bakery
0.2,1906.5378456790108,16.2,431.6850522024081,59.31494779759191,0.5444272848149374,Meat
0.3,-12.637891483548541,6.58,0.0,2.058288515235919,0.9934239346838477,Deli
0.2,-923.7417570281125,7.968000000000001,30.189287521572233,142.81071247842777,0.46152292988887383,Bakery
0.0,2.4646013537934763,9.17,19.44928221668013,8.205641772810955,0.9901042633493081,Dairy
0.0,369.38000000000005,6.49,146.0,0.0,0.31607514081562343,Bakery
0.0,1587.2003564887461,8.43,345.0,43.57342456213341,0.5924090837543835,Beverages
0.0,397.96423552843066,4.41,194.0,28.124157510470578,0.5204089998509672,Beverages
0.2,142.8700000000001,4.5200000000000005,157.0,0.0,0.6953093866289888,Ready_to_Eat
0.0,583.808558435934,6.91,248.81310541764603,22.186894582353982,0.4741730245545592,Dairy
0.4,445.73999999999984,6.438,255.0,0.0,0.8903967827485116,Meat
0.2,726.7920000000003,12.936000000000002,132.0,0.0,0.16993587387600737,Ready_to_Eat
0.3,-3.8017583681848173,1.4209999999999998,0.0,4.472656903746844,0.959425893443058,Beverages
0.2,162.65599999999998,1.984,184.0,0.0,0.6218688757182413,Produce
0.3,-925.6971374356194,7.377999999999999,299.3782681708296,163.62173182917041,0.8633784694241293,Bakery
0.2,1078.8960000000002,8.224,494.0,0.0,0.7306195469839005,Ready_to_Eat
0.0,5334.840000000001,33.53,270.0,3.0,0.38695910888403534,Seafood
0.0,457.1526155043365,6.81,175.63474530166468,6.365254698335313,0.20256015128491142,Produce
0.0,799.7459554693866,6.65,269.0,57.43697839294181,0.8507940458706058,Produce
0.3,-200.92075133964192,8.770999999999999,43.654001671458,35.345998328542,0.6414568951583632,Meat
0.0,407.3285390291127,7.21,129.0,31.84968029873456,0.960756791582646,Deli
0.0,144.03306318279715,15.61,30.0,14.359362081696698,0.9784211578633687,Deli
0.2,1833.846,11.744,329.0,0.0,0.11267928852276927,Bakery
0.3,3434.313999999999,31.485999999999997,299.0,0.0,0.8568534595702122,Seafood
0.2,124.72304656669291,10.136000000000001,93.8755965436753,10.1244034563247,0.5682065067505866,Ready_to_Eat
0.3,-246.4791251079871,12.733,7.101301727166645,22.898698272833354,0.9961561367094295,Meat
0.0,83.58338465850295,8.37,30.363606291338467,1.6363937086615334,0.29617434546659743,Beverages
0.3,-1457.9265322580645,12.152,78.47131893860562,160.52868106139437,0.41355534853850723,Ready_to_Eat
0.2,526.5910009578531,8.352,447.87727501890004,48.122724981099964,0.9246006906009357,Dairy
0.0,1346.1095102687134,5.57,477.7072729387277,20.2927270612723,0.2360047184417931,Dairy
0.0,2243.637891599553,17.89,390.7343706875099,14.265629312490063,0.20400721455141507,Meat
0.1,354.3966666666664,7.137,185.18518518518516,11.814814814814838,0.8965071578210053,Deli
0.0,262.47794557491886,3.4,179.94351340438791,13.056486595612073,0.3918128117698513,Dairy
0.2,588.3624096385544,8.632,457.66362484227926,23.336375157720738,0.14126212243697456,Bakery
0.0,543.2908918958444,5.42,199.63300588484213,8.36699411515786,0.2329784454553536,Dairy
0.0,1174.6500000000005,16.42,205.0,0.0,0.14813829816220073,Ready_to_Eat
0.2,295.90200000000004,6.384,153.0,0.0,0.08082544086138545,Deli
0.2,172.44143658710388,22.456000000000003,95.77802977320553,13.221970226794468,0.12646980128402602,Seafood
0.2,651.2883638211376,7.872,366.2396295504494,28.760370449550578,0.5403378378017346,Bakery
0.3,-620.0225077081192,8.757,127.82659498594049,95.17340501405951,0.4245590366642393,Ready_to_Eat
0.0,307.5466134524637,4.11,193.0,14.557002798092467,0.30436997664054977,Dairy
0.0,634.257396345706,9.43,123.0,5.831520503503441,0.19190166979079767,Dairy
0.4,-1007.9198636275086,20.532,41.19424003372743,79.80575996627257,0.5492821866481319,Seafood
0.1,717.44,5.652,320.0,0.0,0.4344525533130531,Ready_to_Eat
0.0,491.15801079469736,9.84,86.274188088892,2.725811911108,0.1773844284048189,Dairy
0.0,1804.9132961528662,7.83,470.2251974652447,14.77480253475526,0.1764369579263514,Deli
0.0,1242.39832217613,6.73,434.9477447512823,33.052255248717685,0.40903913324483415,Produce
0.0,567.15,5.42,285.0,0.0,0.11442927489411109,Dairy
0.0,3952.5400000000004,16.71,458.0,0.0,0.153153977282887,Ready_to_Eat
0.0,460.6123700210495,13.9,76.0,9.478856524957038,0.5036618615416676,Deli
0.0,58.85081700755329,10.27,15.0,6.297356374149153,0.9857485834950533,Deli
0.0,107.89999999999999,18.58,13.0,0.0,0.42935187057388496,Meat
0.0,1646.72,9.49,332.0,0.0,0.3528744993004501,Bakery
0.3,-153.35574548696235,8.974,215.83287881803406,68.16712118196594,0.9481717786560303,Deli
0.2,309.32,7.68,148.0,0.0,0.09295089512944125,Seafood
0.2,654.3600000000002,8.200000000000001,266.0,0.0,0.614400042632372,Deli
0.0,572.0263719906122,8.09,371.1281053140435,62.87189468595647,0.8390279594520006,Deli
0.2,879.8880000000012,34.61600000000001,138.0,0.0,0.19888554151037044,Seafood
0.2,206.68999999999986,4.88,187.49999999999997,5.500000000000028,0.6975190155727164,Ready_to_Eat
0.0,34.420028574190994,5.3,14.403778976262453,1.5962210237375472,0.5778068131442251,Beverages
0.0,730.4161969674947,4.25,419.29792869823405,20.702071301765955,0.27250265508285854,Deli
0.2,489.89800000000037,4.784000000000001,397.0,0.0,0.9515553433218906,Deli
0.0,2387.2799999999997,16.65,406.0,0.0,0.14857347634448392,Meat
0.1,629.7360000000001,11.232000000000001,228.0,0.0,0.8714568985061885,Ready_to_Eat
0.0,651.9399999999998,10.36,205.0,17.0,0.47251880445655564,Dairy
0.0,2456.22,36.76,201.0,0.0,0.2551994879709302,Seafood
0.0,1662.2463405237033,9.96,295.63919081563284,16.360809184367156,0.3037104952868821,Beverages
0.4,-98.36498336660016,3.006,191.50865490133063,82.49134509866937,0.9895032921725061,Deli
0.4,-76.88525179856114,0.834,59.78986594896744,109.21013405103255,0.9257539455182718,Produce
0.0,2188.8,13.16,304.0,0.0,0.2331315280660791,Deli
0.0,390.675910462532,7.7,119.30076759253663,6.699232407463377,0.30793858787326395,Deli
0.3,-158.97740950026488,5.662999999999999,8.05449240680472,32.94550759319528,0.37855294966813396,Bakery
0.4,-136.2425242718445,3.7079999999999997,300.24743142614767,167.75256857385233,0.2350866144684744,Bakery
0.3,-148.23514908767257,11.235,31.13171792722096,18.86828207277904,0.9258681482153527,Meat
0.0,1788.1369253910361,10.87,352.9104807167467,47.08951928325332,0.6818265056011145,Meat
0.2,1554.6960000000006,7.992000000000001,453.0,0.0,0.12496860577626782,Bakery
0.0,383.61996582357926,4.28,267.99999201485497,19.00000798514505,0.3834259491235756,Beverages
0.4,137.38591397849459,3.7199999999999998,333.30266504798243,16.69733495201757,0.9585994058002776,Deli
0.4,-118.42352597179219,5.813999999999999,20.596228763021642,30.403771236978358,0.9039344525533242,Bakery
0.1,151.086,6.057,78.0,0.0,0.7958858520111229,Bakery
0.0,4.869443219748405,1.56,110.0,44.38014516689962,0.984822190298556,Produce
0.0,860.642458778616,5.64,449.0,20.58357899477077,0.25203993810161757,Produce
0.3,411.15223425863246,5.9079999999999995,451.65068284675567,43.34931715324433,0.9273024349230772,Deli
0.0,33.771870113168696,10.62,10.793019784667486,0.20698021533251407,0.1089797390909779,Deli
0.2,59.282499999999956,3.512,79.68749999999999,2.312500000000014,0.9474837943365361,Dairy
0.0,89.85633387052164,2.38,133.0,45.49107569250265,0.9376256963820435,Dairy
0.2,2272.949999999999,18.416,365.62499999999994,12.375000000000057,0.8468125910158645,Seafood
0.4,360.6515313563441,24.684,264.6107410207561,109.38925897924389,0.9751166017112451,Seafood
0.3,-42.231115276476004,7.468999999999999,225.83597331952393,34.16402668047607,0.15601477196327665,Dairy
0.0,1700.2968901561549,11.38,285.0,27.98237522187535,0.4333338228553667,Dairy
0.3,39.37428571428573,8.469999999999999,24.81632653061225,1.1836734693877489,0.8951057936487574,Ready_to_Eat
0.0,80.45482182346757,2.16,302.0,79.24345211768832,0.9366491021749306,Beverages
0.0,1941.3330130578383,13.03,306.65180453245114,32.34819546754884,0.552662471773313,Deli
0.2,670.496,4.072,368.0,0.0,0.9480991699274706,Bakery
0.2,-3527.31347936278,11.048000000000002,32.143964576142224,371.85603542385775,0.9626597109347867,Meat
0.1,1037.66,13.05,338.0,0.0,0.9436589987796622,Deli
0.3,-1041.305142857143,8.399999999999999,121.77795918367349,160.2220408163265,0.23297675375288204,Ready_to_Eat
0.2,863.2288588588588,10.656,296.3690745926106,39.630925407389384,0.9136975325928941,Bakery
0.0,275.0276681402106,3.11,190.43976467530888,15.560235324691114,0.4374803540583689,Produce
0.0,13.56191292304709,6.15,10.0,4.267287820521701,0.9153723430815709,Produce
0.1,684.7622222222222,3.8970000000000002,491.358024691358,2.6419753086419746,0.9620332142261369,Produce
0.3,-4163.655307489829,20.895,158.7066136640426,232.2933863359574,0.9916919581936492,Seafood
0.2,328.82683553088145,11.528,145.45080113904245,7.549198860957546,0.12408965295193305,Bakery
0.0,1451.7852711957903,13.16,191.0,8.581715940640944,0.18206275177802195,Deli
0.3,-2542.4675115207374,12.152,163.35849971027508,276.64150028972495,0.3647667261783468,Ready_to_Eat
0.1,391.048,15.363000000000001,56.0,0.0,0.9264158784898867,Meat
0.0,2433.7500000000005,17.37,295.0,0.0,0.3249487267270345,Ready_to_Eat
0.4,22.844227886057,4.002,37.867123409809345,7.132876590190655,0.9263261245719003,Bakery
0.0,120.53437692128617,7.17,95.82791126665236,19.091307163491916,0.7678613137494732,Beverages
0.2,161.04000000000005,4.464,110.0,0.0,0.17640252382073404,Ready_to_Eat
0.0,848.7861856464762,5.9,370.50952299092813,20.490477009071867,0.30351833129350647,Dairy
0.4,551.7540000000001,4.038,453.0,0.0,0.9383288520899137,Produce
0.0,1438.8827770760702,9.9,264.2971435088618,6.429050436347779,0.1358957530491501,Beverages
0.1,1423.266,6.381,426.0,0.0,0.6980725559945874,Deli
0.4,-719.2824742268041,5.819999999999999,90.02019343182062,189.97980656817938,0.4766758324310229,Ready_to_Eat
0.2,2500.0560000000028,28.272000000000006,468.0,0.0,0.15151606914343385,Seafood
0.2,190.94249999999988,6.376,114.06249999999999,13.937500000000014,0.6530448818003965,Bakery
0.2,108.48000000000006,1.7760000000000002,443.74999999999994,38.25000000000006,0.6053303114212759,Produce
0.1,2241.62222222222,36.783,246.9135802469135,13.086419753086489,0.9572805433020084,Seafood
0.0,112.78925514896211,2.72,102.5475202753537,14.45247972464629,0.7154283101498448,Dairy
0.0,460.92,2.87,276.0,0.0,0.13344883607648472,Dairy
0.3,-1183.7160392642718,10.493,159.90507583491168,132.09492416508832,0.6441099112785292,Meat
0.3,-331.5531339977847,16.253999999999998,327.9320084903541,88.06799150964588,0.9505109590399367,Meat
0.3,490.33110979439493,16.877,449.6718083660837,44.328191633916276,0.8547012530045933,Meat
0.2,231.26692456479662,4.136,239.46250593926416,1.5374940607358383,0.800353039703264,Bakery
0.4,-1845.9768987341774,18.96,63.853539096298654,135.14646090370135,0.2752518244719189,Seafood
0.0,1233.1105130995759,4.66,469.02800710291325,16.971992897086754,0.20225822268782356,Beverages
0.3,-36.28636363636366,3.5419999999999994,195.1901853087624,35.80981469123759,0.4295237547920458,Bakery
0.0,379.03685685459436,4.01,341.0,51.2115647402403,0.7452373075830848,Beverages
0.0,400.5128021280108,12.55,137.0,17.069766106540797,0.543207549234947,Deli
0.2,-93.65750000000014,27.976,20.312499999999996,7.6875000000000036,0.8998429616993503,Seafood
0.0,332.58417915941016,5.82,219.49556342945192,34.50443657054809,0.7867755188807045,Beverages
0.0,351.26000000000005,5.04,182.0,0.0,0.22038357049264953,Ready_to_Eat
0.0,677.04,9.84,186.0,0.0,0.24522809746367064,Bakery
0.0,1611.8600000000001,22.42,166.0,0.0,0.1882043362950994,Seafood
