days_until_expiry,selling_price,discount_pct,initial_quantity,is_promoted,spoilage_sensitivity,shelf_life_days,daily_demand,demand_variability,distribution_hours,storage_temp,temp_deviation,quality_grade,transaction_date,category,product_id,base_price,cost_price,units_sold
3,12.42,0.0,229,1,0.5,6,76,0.42,33.8,21.8,1.8,A,2024-12-01,Bakery,BAK_CAK_408,12.42,7.75,194
3,24.62,0.0,343,0,0.95,4,165,0.45,9.0,-2.5,2.5,B,2024-12-08,Seafood,SEA_TUN_185,24.62,14.77,240
13,4.13,0.23,54,0,0.7,23,2,0.18,12.7,4.8,0.8,C,2024-12-08,Dairy,DAI_MIL_667,5.37,2.25,38
29,8.34,0.0,38,0,0.7,29,4,0.11,10.3,2.3,1.7,B,2024-12-20,Dairy,DAI_MIL_476,8.34,4.57,26
4,7.82,0.0,236,0,0.6,4,62,0.17,12.9,9.0,1.0,A,2024-12-02,Produce,PRO_LET_434,7.82,4.0,176
5,13.78,0.0,313,1,0.75,7,64,0.42,15.6,4.3,0.3,B,2024-11-08,Deli,DEL_TUR_331,13.78,7.24,248
8,2.9,0.21,426,0,0.7,12,43,0.27,19.4,4.7,0.7,C,2024-12-30,Dairy,DAI_BUT_906,3.67,2.15,372
7,2.92,0.0,89,0,0.7,8,16,0.34,9.6,6.8,2.8,B,2024-12-09,Dairy,DAI_CRE_134,2.92,2.01,62
6,11.71,0.0,31,0,0.75,12,1,0.13,39.8,2.0,2.0,A,2024-11-15,Deli,DEL_HUM_438,11.71,7.72,5
11,6.71,0.0,77,0,0.75,12,9,0.45,25.4,7.5,3.5,B,2024-11-11,Deli,DEL_TUR_415,6.71,2.89,53
11,5.19,0.24,29,0,0.6,15,1,0.19,71.9,8.7,0.7,C,2024-11-10,Produce,PRO_BAN_172,6.83,3.09,20
5,7.82,0.0,399,0,0.75,8,101,0.43,68.4,2.5,1.5,B,2024-12-06,Deli,DEL_HAM_916,7.82,3.16,399
1,11.86,0.19,131,0,0.9,3,76,0.37,5.1,1.0,3.0,B,2024-11-10,Ready_to_Eat,REA_SOU_410,14.64,8.97,123
18,8.55,0.24,48,1,0.7,20,3,0.35,41.2,7.5,3.5,C,2024-12-18,Dairy,DAI_YOG_144,11.25,4.88,48
0,3.44,0.61,379,1,0.9,4,183,0.44,32.8,0.7,0.3,A,2024-12-07,Meat,MEA_POR_517,8.83,4.42,379
22,4.08,0.23,263,1,0.4,24,10,0.33,34.4,6.1,1.1,C,2024-11-20,Beverages,BEV_KOM_806,5.3,2.38,263
1,6.35,0.27,90,0,0.5,3,67,0.14,15.7,23.2,3.2,A,2024-12-08,Bakery,BAK_CRO_434,8.7,3.96,90
26,6.07,0.0,259,1,0.4,28,12,0.24,37.0,2.8,2.2,B,2024-11-29,Beverages,BEV_SMO_729,6.07,2.62,181
3,9.53,0.0,482,0,0.9,5,145,0.25,41.0,6.1,2.1,B,2024-12-03,Ready_to_Eat,REA_FRE_919,9.53,4.19,371
7,12.87,0.0,357,0,0.9,9,69,0.31,47.3,0.1,0.9,A,2024-12-23,Meat,MEA_GRO_158,12.87,5.37,357
8,4.62,0.0,379,0,0.4,13,44,0.26,67.3,6.8,1.8,A,2024-12-15,Beverages,BEV_SMO_482,4.62,2.04,303
4,9.51,0.0,229,0,0.5,5,116,0.18,15.7,21.3,1.3,B,2024-11-30,Bakery,BAK_MUF_546,9.51,5.55,160
0,6.64,0.49,391,1,0.9,1,615,0.41,53.2,6.1,2.1,A,2024-12-19,Ready_to_Eat,REA_SAL_428,13.02,7.55,391
4,14.14,0.0,65,0,0.5,7,14,0.28,62.1,17.2,2.8,B,2024-12-24,Bakery,BAK_MUF_671,14.14,6.26,58
15,2.48,0.18,384,0,0.4,23,30,0.35,36.1,4.9,0.1,C,2024-11-10,Beverages,BEV_FRE_138,3.02,1.88,268
2,26.27,0.0,321,0,0.95,4,134,0.1,62.1,1.7,1.7,A,2024-12-13,Seafood,SEA_LOB_833,26.27,10.95,188
0,14.67,0.59,136,0,0.95,3,61,0.39,64.3,2.7,2.7,A,2024-11-25,Seafood,SEA_CRA_417,35.78,19.37,136
11,2.32,0.0,252,0,0.7,12,35,0.2,54.7,-1.4,5.4,A,2024-11-13,Dairy,DAI_COT_234,2.32,1.5,252
1,7.8,0.44,487,0,0.5,6,179,0.47,28.5,19.1,0.9,B,2024-11-25,Bakery,BAK_BRE_150,13.93,8.43,296
24,3.98,0.0,259,1,0.7,25,17,0.28,49.4,4.8,0.8,B,2024-11-13,Dairy,DAI_COT_241,3.98,2.43,259
7,11.45,0.0,47,0,0.9,10,4,0.21,44.3,1.3,0.3,B,2024-11-20,Meat,MEA_POR_495,11.45,5.31,32
6,14.66,0.18,71,0,0.9,10,7,0.34,9.8,0.9,0.1,C,2024-12-29,Meat,MEA_SAU_605,17.88,10.71,44
4,7.65,0.0,313,0,0.9,7,56,0.36,36.3,-3.4,4.4,B,2024-12-10,Meat,MEA_GRO_552,7.65,3.12,245
2,42.14,0.0,449,0,0.95,3,212,0.44,43.6,-3.6,3.6,B,2024-11-19,Seafood,SEA_CRA_401,42.14,21.57,314
3,13.09,0.0,132,0,0.5,6,45,0.47,58.6,21.1,1.1,B,2024-12-28,Bakery,BAK_MUF_348,13.09,7.9,92
1,3.25,0.33,465,0,0.7,5,133,0.21,71.7,5.7,1.7,B,2024-12-24,Dairy,DAI_BUT_852,4.85,2.76,217
20,6.54,0.0,217,1,0.4,30,8,0.22,38.9,3.4,1.6,B,2024-11-25,Beverages,BEV_COL_699,6.54,3.88,133
4,6.96,0.0,193,0,0.4,8,28,0.34,36.8,3.8,1.2,B,2024-11-25,Beverages,BEV_COL_741,6.96,4.69,98
10,5.46,0.0,422,0,0.75,12,63,0.38,40.0,3.3,0.7,B,2024-11-06,Deli,DEL_HAM_718,5.46,2.19,422
2,19.21,0.27,60,0,0.95,7,17,0.22,63.7,-0.9,0.9,A,2024-11-10,Seafood,SEA_SAL_599,26.32,15.71,42
17,1.39,0.0,112,0,0.6,19,5,0.12,71.3,7.6,0.4,B,2024-12-16,Produce,PRO_GRA_375,1.39,0.93,62
3,18.91,0.0,111,1,0.95,7,34,0.25,21.6,0.8,0.8,A,2024-11-09,Seafood,SEA_SHR_548,18.91,11.79,111
6,3.64,0.0,230,0,0.6,12,18,0.12,10.3,6.5,1.5,B,2024-12-04,Produce,PRO_BER_474,3.64,1.63,100
0,4.66,0.53,106,0,0.9,4,30,0.37,53.7,2.0,2.0,B,2024-12-27,Ready_to_Eat,REA_SOU_510,9.91,6.06,55
1,1.78,0.25,232,0,0.6,3,93,0.25,30.7,4.3,3.7,C,2024-12-05,Produce,PRO_BER_114,2.38,1.12,143
6,2.02,0.2,90,0,0.7,8,13,0.33,5.6,1.5,2.5,C,2024-11-27,Dairy,DAI_CHE_451,2.52,1.5,90
4,8.5,0.0,325,1,0.5,5,170,0.29,71.0,20.2,0.2,A,2024-11-16,Bakery,BAK_CAK_682,8.5,5.03,325
9,21.41,0.0,120,0,0.9,10,14,0.23,56.7,3.2,2.2,B,2024-12-14,Meat,MEA_TUR_554,21.41,13.72,112
11,3.04,0.0,440,0,0.6,17,32,0.11,38.7,6.0,2.0,A,2024-11-18,Produce,PRO_LET_575,3.04,2.03,360
21,2.25,0.0,433,1,0.7,30,35,0.33,60.3,4.1,0.1,B,2024-12-07,Dairy,DAI_MIL_253,2.25,1.51,433
4,6.31,0.0,384,0,0.75,5,143,0.34,71.6,1.5,2.5,B,2024-12-21,Deli,DEL_HAM_433,6.31,3.8,268
14,2.87,0.0,312,0,0.7,18,21,0.44,38.0,0.1,3.9,B,2024-11-11,Dairy,DAI_COT_424,2.87,1.35,218
11,11.02,0.0,47,0,0.75,14,1,0.17,28.7,2.0,2.0,A,2024-11-04,Deli,DEL_HUM_224,11.02,4.83,14
9,4.51,0.0,273,1,0.6,16,25,0.36,26.7,11.7,3.7,A,2024-12-27,Produce,PRO_BAN_173,4.51,3.05,157
2,2.71,0.0,390,0,0.5,3,269,0.24,19.4,22.0,2.0,A,2024-11-22,Bakery,BAK_BAG_471,2.71,1.86,390
7,5.26,0.0,294,0,0.75,12,46,0.3,65.5,6.3,2.3,B,2024-12-31,Deli,DEL_HUM_538,5.26,3.45,294
14,2.07,0.0,89,0,0.7,17,12,0.27,46.6,-1.0,5.0,B,2024-12-10,Dairy,DAI_SOU_723,2.07,1.11,62
11,3.91,0.0,255,0,0.6,13,35,0.33,36.1,7.1,0.9,B,2024-12-15,Produce,PRO_AVO_534,3.91,2.02,255
18,9.25,0.0,160,0,0.4,27,7,0.49,60.7,4.4,0.6,B,2024-11-26,Beverages,BEV_MIL_632,9.25,5.18,156
5,2.3,0.0,13,0,0.5,5,3,0.47,25.5,17.8,2.2,A,2024-11-11,Bakery,BAK_MUF_416,2.3,1.09,13
15,3.45,0.0,288,0,0.4,17,26,0.21,39.9,7.2,2.2,B,2024-11-16,Beverages,BEV_FRE_914,3.45,1.95,288
8,7.38,0.0,199,0,0.6,13,20,0.24,21.6,5.4,2.6,B,2024-11-14,Produce,PRO_TOM_973,7.38,4.94,133
3,10.9,0.0,235,0,0.75,7,76,0.49,34.5,3.1,0.9,A,2024-12-18,Deli,DEL_DIP_163,10.9,4.48,193
9,10.34,0.0,391,0,0.7,11,44,0.27,26.3,6.0,2.0,A,2024-12-25,Dairy,DAI_SOU_335,10.34,4.76,273
10,8.03,0.0,123,0,0.4,12,13,0.33,35.3,2.6,2.4,B,2024-12-02,Beverages,BEV_MIL_996,8.03,3.36,123
5,7.74,0.0,215,0,0.5,6,70,0.23,34.9,19.3,0.7,A,2024-12-10,Bakery,BAK_BAG_663,7.74,5.0,215
12,2.95,0.2,189,1,0.4,18,12,0.2,9.9,3.7,1.3,C,2024-12-23,Beverages,BEV_MIL_896,3.69,1.69,158
3,32.97,0.0,174,1,0.95,5,65,0.27,54.2,1.2,1.2,B,2024-12-08,Seafood,SEA_TIL_211,32.97,16.78,174
6,14.82,0.0,490,0,0.75,8,124,0.33,6.9,6.4,2.4,B,2024-11-16,Deli,DEL_DIP_311,14.82,7.19,343
2,4.26,0.0,20,1,0.5,4,16,0.33,25.7,23.0,3.0,B,2024-11-23,Bakery,BAK_MUF_382,4.26,2.49,14
13,4.52,0.0,195,0,0.6,17,17,0.11,28.6,7.0,1.0,B,2024-12-07,Produce,PRO_AVO_459,4.52,2.47,195
4,9.77,0.0,45,0,0.7,8,9,0.1,15.6,3.4,0.6,A,2024-12-12,Dairy,DAI_CHE_287,9.77,5.82,39
6,21.34,0.0,77,0,0.9,9,10,0.3,28.5,0.5,0.5,B,2024-11-04,Meat,MEA_GRO_141,21.34,9.34,46
5,17.08,0.0,347,0,0.75,7,69,0.21,52.5,6.4,2.4,B,2024-12-20,Deli,DEL_DIP_350,17.08,9.4,347
5,12.3,0.0,235,0,0.9,5,97,0.33,54.4,3.9,2.9,A,2024-12-22,Meat,MEA_SAU_183,12.3,6.2,235
9,7.97,0.0,417,0,0.4,13,40,0.39,37.9,2.1,2.9,A,2024-11-26,Beverages,BEV_FRE_679,7.97,5.06,417
5,11.63,0.0,42,1,0.5,7,6,0.38,48.7,15.3,4.7,A,2024-11-06,Bakery,BAK_PAS_382,11.63,5.37,33
6,3.19,0.0,83,0,0.7,9,11,0.47,37.6,2.9,1.1,A,2024-11-08,Dairy,DAI_SOU_723,3.19,1.42,78
8,4.68,0.0,457,0,0.75,12,54,0.15,30.3,4.8,0.8,B,2024-11-29,Deli,DEL_PRE_417,4.68,2.34,319
7,5.56,0.0,54,0,0.6,10,8,0.24,19.2,7.8,0.2,B,2024-11-10,Produce,PRO_TOM_607,5.56,3.52,54
2,16.2,0.0,450,0,0.75,4,236,0.39,70.3,4.0,0.0,A,2024-12-15,Deli,DEL_PRE_489,16.2,10.45,450
2,10.4,0.0,95,0,0.9,3,49,0.12,71.0,6.7,2.7,A,2024-12-16,Ready_to_Eat,REA_SAN_529,10.4,5.06,95
7,6.22,0.23,455,0,0.75,12,57,0.34,68.8,4.1,0.1,C,2024-11-19,Deli,DEL_HAM_977,8.08,3.77,455
2,10.5,0.0,224,0,0.75,3,103,0.31,70.4,6.2,2.2,A,2024-11-20,Deli,DEL_HUM_934,10.5,7.17,224
5,6.91,0.0,465,0,0.7,10,98,0.39,58.4,1.9,2.1,B,2024-12-22,Dairy,DAI_SOU_667,6.91,4.24,465
8,4.62,0.0,97,1,0.6,14,13,0.34,29.1,5.0,3.0,B,2024-12-17,Produce,PRO_LET_451,4.62,2.3,97
0,2.88,0.54,318,0,0.5,2,366,0.41,60.1,19.5,0.5,B,2024-12-19,Bakery,BAK_DON_190,6.26,2.64,318
13,9.11,0.0,163,1,0.7,13,16,0.11,47.2,3.1,0.9,A,2024-12-12,Dairy,DAI_COT_785,9.11,4.21,163
1,15.95,0.15,94,0,0.95,3,42,0.31,42.3,1.7,1.7,B,2024-11-27,Seafood,SEA_TIL_390,18.76,12.35,60
1,27.59,0.37,57,0,0.95,3,24,0.11,63.7,-2.1,2.1,C,2024-12-16,Seafood,SEA_COD_701,43.79,22.22,35
4,4.24,0.0,101,0,0.4,9,15,0.47,39.1,2.1,2.9,B,2024-12-05,Beverages,BEV_SMO_698,4.24,1.93,61
4,6.47,0.0,427,0,0.5,6,130,0.29,41.1,20.9,0.9,B,2024-11-26,Bakery,BAK_BRE_846,6.47,2.77,427
1,7.97,0.39,218,0,0.5,6,101,0.23,63.8,18.1,1.9,B,2024-12-01,Bakery,BAK_CAK_276,13.06,8.02,218
16,3.32,0.0,168,0,0.6,17,11,0.44,55.8,7.8,0.2,B,2024-11-28,Produce,PRO_GRA_146,3.32,2.09,168
5,10.32,0.0,431,0,0.95,5,123,0.1,29.2,-0.7,0.7,B,2024-12-24,Seafood,SEA_LOB_986,10.32,6.09,431
0,3.07,0.68,211,0,0.9,2,170,0.37,55.5,3.1,0.9,A,2024-12-19,Ready_to_Eat,REA_FRE_932,9.59,5.75,147
10,10.85,0.0,414,0,0.75,11,58,0.18,71.6,3.2,0.8,B,2024-11-07,Deli,DEL_HUM_168,10.85,5.49,414
0,4.55,0.66,83,0,0.9,1,144,0.36,9.8,6.5,2.5,B,2024-11-30,Ready_to_Eat,REA_WRA_145,13.38,6.97,83
2,22.71,0.0,415,1,0.95,2,301,0.2,43.0,-0.2,0.2,A,2024-11-20,Seafood,SEA_CRA_670,22.71,15.15,415
3,27.66,0.0,306,0,0.95,7,93,0.26,5.3,-1.9,1.9,A,2024-11-09,Seafood,SEA_COD_147,27.66,16.85,264
5,44.02,0.0,249,0,0.95,6,64,0.24,10.9,-1.3,1.3,B,2024-11-07,Seafood,SEA_TUN_324,44.02,22.64,249
2,4.05,0.26,291,0,0.9,5,71,0.3,62.5,5.7,1.7,A,2024-12-11,Ready_to_Eat,REA_SAL_907,5.47,2.35,206
19,8.43,0.0,208,0,0.4,28,15,0.49,36.2,5.3,0.3,B,2024-11-17,Beverages,BEV_COL_557,8.43,4.75,145
8,3.15,0.0,161,0,0.4,11,16,0.23,68.1,5.9,0.9,A,2024-12-12,Beverages,BEV_SMO_371,3.15,1.56,123
3,35.91,0.0,166,0,0.95,4,88,0.16,63.4,-1.7,1.7,A,2024-11-30,Seafood,SEA_SAL_667,35.91,23.89,166
14,6.27,0.0,76,0,0.7,21,2,0.22,8.0,3.1,0.9,A,2024-12-12,Dairy,DAI_SOU_542,6.27,4.28,24
2,9.44,0.0,432,0,0.5,4,214,0.33,29.1,20.4,0.4,B,2024-12-31,Bakery,BAK_PAS_928,9.44,6.16,378
6,16.17,0.0,14,0,0.75,9,3,0.3,24.7,5.6,1.6,A,2024-12-19,Deli,DEL_TUR_871,16.17,9.05,12
7,3.45,0.0,252,0,0.6,10,35,0.4,26.0,8.5,0.5,B,2024-12-21,Produce,PRO_TOM_820,3.45,2.24,243
10,5.06,0.0,486,0,0.6,11,77,0.24,34.6,8.1,0.1,A,2024-11-16,Produce,PRO_LET_883,5.06,3.18,486
4,4.08,0.0,207,0,0.5,7,66,0.25,11.0,20.9,0.9,B,2024-11-22,Bakery,BAK_CAK_690,4.08,2.1,144
10,6.54,0.0,98,0,0.75,11,8,0.39,54.8,4.5,0.5,B,2024-12-11,Deli,DEL_DIP_414,6.54,4.35,68
6,5.25,0.0,190,0,0.6,9,27,0.49,36.2,11.7,3.7,A,2024-11-09,Produce,PRO_BAN_625,5.25,3.61,133
3,34.78,0.19,48,0,0.95,4,19,0.35,15.8,-0.3,0.3,C,2024-12-09,Seafood,SEA_COD_761,42.94,29.49,48
7,11.83,0.0,214,0,0.95,7,55,0.36,69.7,1.6,1.6,B,2024-12-29,Seafood,SEA_COD_973,11.83,7.87,214
1,11.83,0.16,350,1,0.5,3,247,0.39,42.8,19.2,0.8,B,2024-12-26,Bakery,BAK_PAS_875,14.08,9.15,233
23,4.75,0.0,253,0,0.4,29,7,0.28,26.1,6.6,1.6,A,2024-12-12,Beverages,BEV_KOM_856,4.75,2.07,167
25,11.32,0.0,426,0,0.7,28,31,0.24,42.4,7.8,3.8,B,2024-12-20,Dairy,DAI_SOU_835,11.32,6.49,426
17,4.16,0.0,497,0,0.7,27,32,0.3,28.8,1.8,2.2,B,2024-12-04,Dairy,DAI_YOG_139,4.16,2.46,497
7,4.32,0.0,58,0,0.4,10,6,0.22,47.8,2.2,2.8,B,2024-11-05,Beverages,BEV_KOM_569,4.32,1.91,34
5,12.47,0.0,384,0,0.5,7,118,0.16,50.2,21.2,1.2,B,2024-12-28,Bakery,BAK_CAK_346,12.47,5.99,268
3,28.57,0.0,468,1,0.95,7,107,0.22,6.1,0.1,0.1,B,2024-11-30,Seafood,SEA_LOB_289,28.57,15.34,257
0,3.48,0.66,255,0,0.5,2,314,0.38,48.0,17.6,2.4,C,2024-11-16,Bakery,BAK_DON_660,10.25,6.44,255
1,28.32,0.16,211,0,0.95,2,147,0.47,6.5,-1.8,1.8,C,2024-11-13,Seafood,SEA_SAL_638,33.71,19.03,211
15,2.04,0.0,441,0,0.6,19,34,0.24,8.4,6.3,1.7,B,2024-12-05,Produce,PRO_APP_691,2.04,1.26,441
7,11.92,0.0,427,0,0.7,12,51,0.19,12.0,2.1,1.9,B,2024-12-20,Dairy,DAI_BUT_535,11.92,7.52,302
15,1.91,0.2,92,0,0.6,18,10,0.48,7.1,8.6,0.6,C,2024-12-24,Produce,PRO_APP_198,2.39,1.51,92
3,6.19,0.0,65,1,0.9,5,12,0.39,51.3,2.0,1.0,B,2024-12-12,Meat,MEA_POR_921,6.19,3.15,40
2,13.04,0.0,232,1,0.9,4,98,0.31,34.9,-0.3,1.3,A,2024-11-13,Meat,MEA_LAM_586,13.04,5.44,180
12,5.78,0.0,464,0,0.6,19,33,0.22,50.1,8.0,0.0,B,2024-11-23,Produce,PRO_BAN_951,5.78,3.44,464
8,1.39,0.0,363,0,0.6,12,50,0.22,57.4,8.4,0.4,A,2024-11-14,Produce,PRO_GRA_542,1.39,0.56,307
4,39.06,0.0,351,0,0.95,6,131,0.29,59.6,-2.8,2.8,B,2024-12-29,Seafood,SEA_CRA_264,39.06,23.74,351
9,7.62,0.23,418,0,0.75,12,74,0.39,65.2,5.5,1.5,C,2024-12-08,Deli,DEL_DIP_266,9.9,5.3,292
0,5.77,0.43,39,0,0.9,2,18,0.12,58.5,6.6,2.6,A,2024-12-25,Ready_to_Eat,REA_SOU_646,10.13,7.08,32
3,21.3,0.0,90,1,0.9,4,45,0.35,21.4,1.2,0.2,B,2024-12-08,Meat,MEA_GRO_345,21.3,12.56,90
4,11.54,0.15,54,1,0.75,8,7,0.44,46.5,2.8,1.2,C,2024-11-17,Deli,DEL_SAL_755,13.58,7.51,37
1,11.75,0.21,184,0,0.9,3,127,0.5,51.3,7.5,3.5,C,2024-11-03,Ready_to_Eat,REA_SOU_584,14.87,6.94,135
2,3.03,0.0,53,0,0.6,3,24,0.17,47.9,5.5,2.5,A,2024-11-30,Produce,PRO_TOM_415,3.03,1.69,37
1,13.29,0.0,258,1,0.9,2,173,0.17,18.8,4.3,0.3,A,2024-12-10,Ready_to_Eat,REA_SAN_911,13.29,8.29,126
19,8.35,0.0,226,0,0.7,28,12,0.2,42.9,4.7,0.7,B,2024-11-22,Dairy,DAI_COT_285,8.35,3.69,158
3,4.13,0.0,289,0,0.5,7,70,0.35,22.4,22.4,2.4,B,2024-11-27,Bakery,BAK_PAS_421,4.13,2.54,265
7,6.77,0.0,50,0,0.6,8,1,0.14,47.7,6.6,1.4,A,2024-12-16,Produce,PRO_APP_500,6.77,3.33,6
23,8.81,0.0,137,0,0.4,28,8,0.43,67.8,2.1,2.9,B,2024-11-26,Beverages,BEV_COL_729,8.81,4.33,137
13,9.66,0.0,384,0,0.4,16,24,0.21,63.0,2.1,2.9,B,2024-11-26,Beverages,BEV_FRE_563,9.66,5.47,268
6,8.46,0.0,149,0,0.75,10,13,0.49,22.0,2.8,1.2,A,2024-12-02,Deli,DEL_HAM_356,8.46,5.85,73
8,2.43,0.0,61,0,0.4,8,8,0.35,15.8,2.9,2.1,B,2024-11-05,Beverages,BEV_KOM_254,2.43,1.03,42
4,1.95,0.18,354,0,0.4,8,58,0.25,30.1,7.7,2.7,C,2024-12-23,Beverages,BEV_FRE_949,2.38,1.28,238
8,5.27,0.17,238,0,0.9,9,37,0.4,26.0,1.1,0.1,C,2024-11-07,Meat,MEA_BEE_928,6.35,3.67,238
2,3.83,0.26,488,0,0.9,5,119,0.4,12.6,8.2,4.2,A,2024-11-14,Ready_to_Eat,REA_SAL_179,5.18,3.47,281
0,7.37,0.53,111,0,0.9,2,67,0.35,63.8,1.1,2.9,C,2024-11-05,Ready_to_Eat,REA_FRE_798,15.69,8.44,77
6,28.66,0.0,233,1,0.95,6,53,0.24,57.2,0.9,0.9,A,2024-11-14,Seafood,SEA_SAL_858,28.66,14.25,233
2,6.78,0.0,471,0,0.6,3,256,0.29,6.5,5.7,2.3,B,2024-12-14,Produce,PRO_LET_820,6.78,2.76,471
5,16.66,0.0,17,0,0.95,7,3,0.17,20.6,-2.3,2.3,B,2024-12-17,Seafood,SEA_TUN_708,16.66,7.4,13
4,21.1,0.0,408,0,0.95,5,124,0.44,65.7,1.8,1.8,B,2024-12-09,Seafood,SEA_SAL_365,21.1,9.65,285
19,2.45,0.0,31,0,0.7,30,0,0.41,4.2,3.1,0.9,B,2024-12-06,Dairy,DAI_BUT_647,2.45,1.0,0
9,7.95,0.0,299,0,0.7,11,53,0.49,57.8,5.8,1.8,B,2024-11-03,Dairy,DAI_CRE_102,7.95,3.56,299
10,5.25,0.17,242,0,0.75,11,38,0.14,5.4,-0.8,4.8,C,2024-12-13,Deli,DEL_HUM_396,6.33,3.53,242
7,14.95,0.0,303,0,0.75,11,36,0.21,66.0,6.4,2.4,B,2024-11-04,Deli,DEL_HUM_912,14.95,6.69,194
4,8.89,0.0,70,0,0.95,4,22,0.2,32.7,1.5,1.5,B,2024-12-26,Seafood,SEA_CRA_338,8.89,5.22,70
20,7.6,0.0,27,1,0.4,21,4,0.49,9.5,5.9,0.9,B,2024-11-03,Beverages,BEV_MIL_220,7.6,4.95,27
5,1.44,0.0,449,0,0.6,8,77,0.4,7.1,8.5,0.5,A,2024-11-04,Produce,PRO_LET_356,1.44,0.9,449
7,19.99,0.0,33,0,0.9,9,6,0.32,68.2,1.6,0.6,B,2024-12-07,Meat,MEA_BEE_244,19.99,8.73,33
5,17.21,0.0,414,0,0.75,8,63,0.17,33.0,6.6,2.6,A,2024-11-08,Deli,DEL_HUM_753,17.21,11.48,273
15,3.96,0.0,212,0,0.7,27,6,0.14,59.9,3.9,0.1,B,2024-12-21,Dairy,DAI_YOG_604,3.96,2.56,82
8,18.49,0.0,208,0,0.9,8,34,0.21,7.6,4.2,3.2,A,2024-12-02,Meat,MEA_GRO_300,18.49,9.25,145
0,10.21,0.62,328,0,0.95,2,317,0.3,28.3,2.9,2.9,A,2024-11-03,Seafood,SEA_TUN_399,26.86,17.12,229
11,6.41,0.0,175,0,0.6,13,26,0.48,69.7,11.1,3.1,B,2024-11-16,Produce,PRO_LET_597,6.41,3.82,175
0,3.18,0.75,436,0,0.9,2,299,0.47,63.4,2.4,1.6,C,2024-11-29,Ready_to_Eat,REA_WRA_392,12.73,6.95,436
6,5.45,0.0,102,0,0.7,7,27,0.4,51.2,5.8,1.8,B,2024-12-04,Dairy,DAI_SOU_689,5.45,3.02,102
5,15.06,0.0,401,0,0.9,8,89,0.32,28.1,1.0,0.0,A,2024-12-15,Meat,MEA_POR_548,15.06,6.75,401
1,14.38,0.0,176,0,0.5,2,236,0.38,50.2,22.0,2.0,B,2024-12-28,Bakery,BAK_PAS_382,14.38,5.86,176
0,6.11,0.47,280,0,0.9,2,191,0.38,18.5,3.0,1.0,A,2024-11-21,Ready_to_Eat,REA_SAN_426,11.52,7.79,280
6,7.28,0.0,71,0,0.4,13,8,0.43,39.4,6.9,1.9,A,2024-12-22,Beverages,BEV_COL_556,7.28,4.63,56
1,3.6,0.26,267,0,0.75,4,103,0.41,64.4,2.7,1.3,A,2024-11-13,Deli,DEL_PRE_748,4.86,2.28,164
3,8.75,0.11,97,0,0.9,9,8,0.2,24.2,-0.1,1.1,A,2024-12-11,Meat,MEA_LAM_987,9.83,4.98,32
7,5.53,0.0,488,0,0.6,12,69,0.36,13.5,4.5,3.5,B,2024-12-14,Produce,PRO_APP_544,5.53,3.67,488
5,9.67,0.0,43,0,0.9,9,8,0.29,42.0,0.3,0.7,B,2024-11-28,Meat,MEA_LAM_666,9.67,6.01,28
1,16.96,0.15,152,1,0.95,2,102,0.15,27.4,-0.8,0.8,C,2024-12-06,Seafood,SEA_CRA_301,19.95,10.06,106
8,17.85,0.0,85,1,0.9,10,12,0.26,70.4,4.8,3.8,A,2024-11-10,Meat,MEA_SAU_206,17.85,7.93,83
3,10.41,0.0,127,1,0.5,5,57,0.25,28.8,20.1,0.1,A,2024-12-22,Bakery,BAK_DON_154,10.41,5.45,127
8,4.17,0.0,119,0,0.75,10,12,0.45,35.3,2.2,1.8,B,2024-11-26,Deli,DEL_PRE_801,4.17,2.17,92
3,21.73,0.0,308,0,0.9,6,66,0.5,35.2,2.8,1.8,B,2024-12-03,Meat,MEA_GRO_946,21.73,8.96,167
0,6.88,0.61,496,0,0.9,2,370,0.31,11.3,0.9,3.1,A,2024-12-27,Ready_to_Eat,REA_SOU_413,17.65,9.82,496
17,10.03,0.0,371,0,0.7,20,24,0.49,12.7,3.4,0.6,A,2024-11-04,Dairy,DAI_MIL_692,10.03,5.66,371
3,12.83,0.0,48,0,0.5,6,10,0.5,29.5,19.6,0.4,B,2024-11-15,Bakery,BAK_CRO_960,12.83,6.91,31
9,19.43,0.0,82,0,0.9,9,11,0.43,51.4,0.9,0.1,B,2024-11-12,Meat,MEA_TUR_416,19.43,10.44,82
20,10.67,0.0,62,0,0.7,20,5,0.11,51.5,4.2,0.2,B,2024-12-04,Dairy,DAI_YOG_536,10.67,6.63,62
4,3.81,0.0,50,1,0.6,4,12,0.38,42.7,5.6,2.4,A,2024-12-03,Produce,PRO_LET_813,3.81,1.8,48
1,11.09,0.35,389,1,0.9,5,116,0.43,36.6,3.3,0.7,B,2024-11-24,Ready_to_Eat,REA_SOU_387,17.06,7.31,141
8,11.41,0.21,153,0,0.9,9,25,0.38,39.4,2.9,1.9,C,2024-12-12,Meat,MEA_SAU_127,14.44,6.2,153
0,19.22,0.54,171,0,0.95,2,132,0.4,7.1,-1.1,1.1,A,2024-12-16,Seafood,SEA_TIL_857,41.78,25.42,171
3,6.69,0.0,135,0,0.75,7,35,0.29,67.5,5.0,1.0,B,2024-12-29,Deli,DEL_HUM_434,6.69,2.83,134
0,2.3,0.72,118,0,0.95,2,90,0.35,46.2,1.1,1.1,C,2024-11-21,Seafood,SEA_TUN_825,8.23,3.87,118
6,8.13,0.0,198,1,0.9,8,24,0.44,10.3,-0.8,1.8,B,2024-11-13,Meat,MEA_LAM_546,8.13,3.79,143
0,9.53,0.66,354,0,0.95,2,276,0.22,15.1,0.8,0.8,A,2024-11-19,Seafood,SEA_TUN_310,28.04,15.59,354
23,1.59,0.23,208,0,0.7,24,11,0.23,24.7,3.5,0.5,C,2024-11-22,Dairy,DAI_COT_384,2.07,1.32,208
3,14.26,0.0,73,0,0.9,5,24,0.37,54.9,3.9,0.1,A,2024-11-06,Ready_to_Eat,REA_SAL_849,14.26,7.93,70
0,2.48,0.75,202,0,0.9,1,319,0.47,7.8,4.1,0.1,C,2024-11-20,Ready_to_Eat,REA_WRA_712,9.94,5.83,202
0,1.74,0.75,352,0,0.5,2,336,0.11,23.8,16.1,3.9,C,2024-12-30,Bakery,BAK_BAG_820,6.94,4.67,246
2,9.36,0.19,50,0,0.9,3,25,0.39,59.2,4.8,0.8,C,2024-11-06,Ready_to_Eat,REA_FRE_625,11.56,6.75,35
2,12.86,0.31,357,0,0.95,5,111,0.41,22.0,0.8,0.8,C,2024-12-31,Seafood,SEA_COD_521,18.64,9.33,357
7,5.61,0.0,159,0,0.4,8,17,0.21,26.1,2.8,2.2,A,2024-11-23,Beverages,BEV_MIL_211,5.61,2.8,90
11,6.54,0.0,441,0,0.4,12,66,0.33,13.6,3.5,1.5,A,2024-11-16,Beverages,BEV_FRE_646,6.54,4.18,441
0,7.49,0.57,323,1,0.9,1,486,0.15,70.5,7.2,3.2,A,2024-12-27,Ready_to_Eat,REA_SUS_997,17.41,8.3,323
1,3.66,0.26,322,0,0.5,4,157,0.36,20.0,20.4,0.4,B,2024-11-27,Bakery,BAK_DON_737,4.94,2.09,225
3,10.14,0.0,214,0,0.7,7,29,0.43,58.9,1.9,2.1,A,2024-11-26,Dairy,DAI_MIL_728,10.14,5.05,92
3,7.84,0.0,20,0,0.75,7,1,0.45,4.6,1.2,2.8,B,2024-11-05,Deli,DEL_SAL_845,7.84,5.27,3
8,5.6,0.0,222,0,0.7,13,27,0.35,38.3,2.2,1.8,B,2024-11-28,Dairy,DAI_MIL_660,5.6,2.84,205
4,6.2,0.0,379,1,0.5,4,192,0.33,58.8,22.1,2.1,B,2024-12-06,Bakery,BAK_DON_435,6.2,2.52,379
4,12.89,0.0,200,0,0.5,7,50,0.15,10.6,20.7,0.7,B,2024-11-14,Bakery,BAK_BRE_198,12.89,5.33,175
6,11.38,0.19,48,0,0.5,6,16,0.34,16.8,20.9,0.9,C,2024-11-16,Bakery,BAK_BAG_194,14.05,8.47,48
9,10.36,0.0,176,0,0.7,16,16,0.17,16.5,7.7,3.7,B,2024-11-05,Dairy,DAI_MIL_147,10.36,7.04,160
1,5.62,0.38,434,0,0.9,4,175,0.36,21.6,2.5,1.5,B,2024-12-26,Ready_to_Eat,REA_SOU_726,9.06,5.55,252
12,3.52,0.0,324,0,0.6,12,35,0.3,10.9,5.2,2.8,A,2024-11-12,Produce,PRO_BER_609,3.52,1.43,324
8,10.76,0.0,237,0,0.7,10,37,0.17,19.0,3.8,0.2,A,2024-11-14,Dairy,DAI_MIL_384,10.76,4.44,237
1,10.12,0.22,481,0,0.95,3,303,0.29,62.5,1.7,1.7,B,2024-11-23,Seafood,SEA_COD_241,12.98,7.38,481
0,7.03,0.72,373,0,0.95,2,232,0.18,26.6,-2.1,2.1,C,2024-11-12,Seafood,SEA_TUN_591,25.1,10.65,373
11,8.81,0.0,93,0,0.4,17,6,0.32,56.4,4.5,0.5,A,2024-11-22,Beverages,BEV_KOM_752,8.81,5.4,82
13,3.32,0.0,173,0,0.4,17,13,0.24,31.9,6.3,1.3,B,2024-12-09,Beverages,BEV_FRE_457,3.32,2.06,173
2,5.85,0.3,79,1,0.75,6,24,0.26,59.2,2.5,1.5,B,2024-12-09,Deli,DEL_PRE_607,8.36,5.21,79
5,33.65,0.24,338,0,0.95,5,95,0.15,18.5,3.9,3.9,C,2024-12-05,Seafood,SEA_SAL_944,44.27,19.05,338
0,6.68,0.5,256,1,0.9,4,81,0.3,5.8,0.8,0.2,A,2024-12-25,Meat,MEA_SAU_432,13.37,6.35,126
0,7.58,0.64,132,0,0.9,3,67,0.15,12.0,1.0,0.0,B,2024-12-03,Meat,MEA_TUR_277,21.05,11.53,132
6,17.19,0.0,250,0,0.75,12,33,0.37,10.9,2.6,1.4,A,2024-12-04,Deli,DEL_HUM_248,17.19,10.44,173
8,12.02,0.17,102,0,0.75,14,20,0.2,41.6,2.1,1.9,C,2024-11-30,Deli,DEL_HAM_343,14.48,10.0,102
1,8.98,0.33,344,0,0.9,4,97,0.18,13.5,3.9,0.1,B,2024-11-06,Ready_to_Eat,REA_FRE_316,13.41,7.58,129
3,14.0,0.0,405,1,0.95,6,109,0.23,17.5,3.0,3.0,B,2024-12-06,Seafood,SEA_LOB_185,14.0,9.59,379
11,5.3,0.0,291,1,0.4,16,14,0.42,57.6,5.0,0.0,B,2024-12-20,Beverages,BEV_MIL_513,5.3,2.36,195
4,2.97,0.19,372,0,0.4,10,49,0.35,19.2,2.9,2.1,A,2024-12-23,Beverages,BEV_SMO_857,3.67,1.71,345
10,3.04,0.0,131,0,0.7,17,5,0.28,32.6,5.6,1.6,A,2024-11-04,Dairy,DAI_YOG_101,3.04,1.7,52
14,0.92,0.23,475,0,0.6,19,33,0.33,43.7,8.6,0.6,C,2024-12-06,Produce,PRO_LET_297,1.19,0.48,475
4,6.72,0.0,155,0,0.9,5,42,0.27,44.3,4.3,0.3,B,2024-11-11,Ready_to_Eat,REA_SOU_451,6.72,4.18,146
0,3.95,0.43,95,0,0.9,2,71,0.16,71.1,8.0,4.0,A,2024-12-19,Ready_to_Eat,REA_SAL_664,6.93,3.53,95
6,12.49,0.0,117,0,0.75,9,38,0.14,52.8,6.1,2.1,A,2024-11-09,Deli,DEL_HAM_282,12.49,5.77,117
0,13.69,0.42,465,0,0.95,2,330,0.36,22.7,-2.3,2.3,A,2024-12-20,Seafood,SEA_SHR_707,23.61,10.3,465
4,15.09,0.0,28,0,0.9,5,7,0.37,40.2,-0.3,4.3,B,2024-12-13,Ready_to_Eat,REA_SAL_352,15.09,7.69,23
12,9.78,0.18,471,0,0.75,14,46,0.43,62.4,2.5,1.5,C,2024-12-06,Deli,DEL_SAL_967,11.93,6.02,471
24,8.27,0.0,325,0,0.4,29,16,0.4,37.1,5.0,0.0,A,2024-11-13,Beverages,BEV_SMO_875,8.27,4.61,325
22,7.13,0.0,411,0,0.4,24,16,0.29,63.1,4.7,0.3,A,2024-12-18,Beverages,BEV_SMO_526,7.13,3.34,397
13,2.25,0.0,361,0,0.4,18,17,0.43,20.8,10.0,5.0,B,2024-12-05,Beverages,BEV_MIL_257,2.25,1.4,172
0,4.31,0.61,105,0,0.5,2,100,0.25,68.3,20.0,0.0,A,2024-12-19,Bakery,BAK_BAG_875,11.06,5.29,105
5,11.9,0.0,142,0,0.5,7,50,0.16,22.4,20.9,0.9,B,2024-11-22,Bakery,BAK_BAG_621,11.9,7.47,142
4,7.86,0.0,10,0,0.6,9,2,0.16,67.5,6.8,1.2,A,2024-11-24,Produce,PRO_BER_166,7.86,3.93,8
2,4.39,0.0,401,0,0.6,4,114,0.33,48.4,6.0,2.0,B,2024-11-14,Produce,PRO_BER_547,4.39,2.22,236
2,5.24,0.14,104,0,0.9,6,27,0.24,55.3,-2.9,3.9,B,2024-11-13,Meat,MEA_BEE_251,6.09,4.05,85
22,9.02,0.0,115,0,0.4,24,6,0.1,11.4,4.5,0.5,A,2024-12-01,Beverages,BEV_MIL_177,9.02,3.84,104
14,4.03,0.0,99,1,0.6,15,5,0.28,50.3,8.9,0.9,A,2024-11-25,Produce,PRO_LET_507,4.03,2.18,62
16,8.38,0.0,377,0,0.7,22,41,0.22,71.4,5.6,1.6,A,2024-11-30,Dairy,DAI_COT_915,8.38,4.53,377
3,14.78,0.0,242,0,0.9,5,85,0.38,29.6,0.1,3.9,B,2024-12-03,Ready_to_Eat,REA_SAL_764,14.78,9.89,242
3,13.38,0.0,61,1,0.95,5,18,0.27,37.0,-0.8,0.8,A,2024-12-23,Seafood,SEA_COD_128,13.38,8.78,49
3,21.04,0.0,288,0,0.9,6,93,0.38,12.4,0.2,0.8,B,2024-12-08,Meat,MEA_LAM_207,21.04,13.58,196
3,4.82,0.0,445,0,0.75,6,93,0.2,31.8,3.3,0.7,B,2024-12-24,Deli,DEL_SAL_476,4.82,2.3,345
7,9.48,0.0,363,0,0.75,8,57,0.36,36.4,2.1,1.9,A,2024-11-14,Deli,DEL_HUM_823,9.48,6.27,360
6,17.18,0.0,409,0,0.9,6,108,0.42,61.5,1.8,0.8,B,2024-11-09,Meat,MEA_CHI_191,17.18,8.92,409
2,7.1,0.24,246,1,0.9,3,95,0.47,29.7,3.9,0.1,C,2024-11-05,Ready_to_Eat,REA_SUS_587,9.34,6.43,246
15,4.26,0.24,236,0,0.6,19,18,0.17,42.5,5.3,2.7,C,2024-12-23,Produce,PRO_GRA_563,5.61,3.24,236
9,7.27,0.0,81,0,0.7,13,18,0.11,31.5,4.5,0.5,A,2024-11-23,Dairy,DAI_COT_111,7.27,4.16,56
0,2.58,0.43,251,1,0.5,2,261,0.23,43.7,19.2,0.8,B,2024-12-24,Bakery,BAK_PAS_220,4.52,2.92,251
6,6.46,0.0,296,0,0.7,7,48,0.18,46.7,4.1,0.1,B,2024-12-16,Dairy,DAI_BUT_858,6.46,3.91,207
22,2.22,0.0,457,0,0.4,28,14,0.13,63.9,4.8,0.2,B,2024-12-25,Beverages,BEV_COL_610,2.22,1.48,319
5,11.13,0.0,120,0,0.5,7,35,0.45,50.9,20.8,0.8,B,2024-12-27,Bakery,BAK_PAS_782,11.13,5.37,120
7,13.45,0.0,425,0,0.75,11,58,0.39,54.8,6.0,2.0,B,2024-12-27,Deli,DEL_SAL_677,13.45,9.29,297
3,13.05,0.29,264,0,0.9,8,37,0.48,20.3,2.8,1.8,B,2024-12-10,Meat,MEA_POR_297,18.38,10.4,186
2,2.77,0.26,257,0,0.5,5,126,0.34,22.6,19.5,0.5,B,2024-11-17,Bakery,BAK_BRE_187,3.74,1.76,257
0,7.78,0.51,46,0,0.75,3,14,0.23,43.6,5.0,1.0,B,2024-12-11,Deli,DEL_DIP_268,15.87,9.85,28
0,13.78,0.67,324,0,0.95,2,241,0.45,55.4,1.5,1.5,B,2024-12-02,Seafood,SEA_LOB_490,41.77,19.01,324
11,8.08,0.0,80,0,0.4,17,7,0.17,52.3,8.0,3.0,B,2024-11-13,Beverages,BEV_KOM_475,8.08,4.7,56
12,2.72,0.0,194,0,0.4,12,26,0.23,15.5,8.2,3.2,B,2024-12-15,Beverages,BEV_MIL_868,2.72,1.6,135
2,20.5,0.22,367,0,0.95,7,92,0.44,37.4,2.1,2.1,B,2024-12-22,Seafood,SEA_SAL_613,26.28,14.4,190
4,2.65,0.0,313,0,0.7,6,90,0.39,52.2,6.8,2.8,B,2024-11-09,Dairy,DAI_YOG_642,2.65,1.39,313
0,6.42,0.53,135,1,0.5,3,79,0.18,67.7,19.3,0.7,A,2024-12-05,Bakery,BAK_MUF_275,13.67,5.51,135
0,9.27,0.63,260,0,0.95,2,232,0.32,39.7,-0.3,0.3,B,2024-11-02,Seafood,SEA_SHR_979,25.06,16.57,260
16,5.83,0.0,37,0,0.6,17,5,0.2,27.4,7.0,1.0,B,2024-12-21,Produce,PRO_GRA_405,5.83,4.03,37
19,10.1,0.0,243,0,0.7,19,18,0.35,18.7,1.7,2.3,B,2024-12-03,Dairy,DAI_COT_968,10.1,6.06,243
2,5.79,0.0,245,0,0.9,4,101,0.45,62.7,1.5,0.5,A,2024-12-11,Meat,MEA_GRO_804,5.79,3.66,228
4,9.76,0.0,420,0,0.95,5,127,0.24,50.8,4.6,4.6,A,2024-12-26,Seafood,SEA_TUN_237,9.76,4.42,420
17,11.31,0.0,264,1,0.7,23,25,0.2,71.5,6.1,2.1,B,2024-11-26,Dairy,DAI_CHE_614,11.31,6.6,264
9,14.47,0.0,248,0,0.75,12,34,0.44,18.5,2.6,1.4,B,2024-11-23,Deli,DEL_PRE_345,14.47,6.41,248
5,6.27,0.0,259,0,0.6,5,88,0.32,43.7,5.1,2.9,B,2024-11-02,Produce,PRO_APP_783,6.27,4.33,259
6,12.11,0.0,69,0,0.5,7,18,0.23,12.0,19.4,0.6,B,2024-11-14,Bakery,BAK_PAS_942,12.11,6.03,69
5,8.0,0.0,272,0,0.5,7,81,0.38,56.7,18.7,1.3,B,2024-12-30,Bakery,BAK_CAK_672,8.0,4.51,272
1,16.75,0.37,224,0,0.95,3,114,0.44,58.9,1.6,1.6,C,2024-11-26,Seafood,SEA_CRA_899,26.58,13.34,193
3,7.36,0.0,464,0,0.9,4,161,0.35,47.8,0.2,0.8,B,2024-12-12,Meat,MEA_POR_751,7.36,3.23,452
5,8.84,0.0,112,0,0.75,6,35,0.39,19.7,3.3,0.7,B,2024-12-12,Deli,DEL_DIP_113,8.84,4.82,112
2,13.5,0.0,240,0,0.9,4,70,0.16,13.3,3.5,0.5,B,2024-12-05,Ready_to_Eat,REA_SUS_804,13.5,6.92,110
10,2.29,0.0,390,0,0.4,14,37,0.12,29.7,4.9,0.1,B,2024-11-30,Beverages,BEV_FRE_671,2.29,1.57,390
13,1.74,0.0,455,0,0.6,13,38,0.13,69.8,5.4,2.6,A,2024-12-09,Produce,PRO_GRA_648,1.74,1.09,455
11,11.86,0.0,179,0,0.75,11,29,0.43,63.3,2.6,1.4,B,2024-12-29,Deli,DEL_DIP_423,11.86,7.3,179
7,4.75,0.0,137,0,0.7,11,33,0.47,13.2,4.8,0.8,B,2024-11-10,Dairy,DAI_CRE_483,4.75,3.05,137
1,2.31,0.38,423,0,0.6,4,129,0.4,32.4,6.2,1.8,B,2024-12-30,Produce,PRO_LET_893,3.72,2.07,213
3,5.35,0.0,273,0,0.5,7,104,0.33,41.1,23.5,3.5,A,2024-11-23,Bakery,BAK_CAK_619,5.35,2.47,229
5,1.81,0.0,249,1,0.6,9,46,0.4,37.8,7.7,0.3,A,2024-11-06,Produce,PRO_APP_123,1.81,0.81,232
2,7.14,0.28,22,1,0.75,5,7,0.46,31.0,5.0,1.0,B,2024-12-12,Deli,DEL_HAM_481,9.92,6.16,15
5,14.05,0.0,324,0,0.5,7,89,0.12,67.9,16.1,3.9,A,2024-12-16,Bakery,BAK_BAG_991,14.05,6.09,324
2,5.94,0.0,304,0,0.6,3,184,0.47,49.7,6.4,1.6,A,2024-12-28,Produce,PRO_AVO_887,5.94,2.89,304
18,4.51,0.0,384,0,0.7,25,19,0.42,16.5,7.8,3.8,B,2024-11-22,Dairy,DAI_MIL_996,4.51,2.55,268
3,21.53,0.0,431,0,0.95,7,76,0.18,62.8,-1.3,1.3,B,2024-11-26,Seafood,SEA_SAL_229,21.53,12.07,273
15,10.67,0.0,446,0,0.7,24,23,0.46,14.9,6.5,2.5,B,2024-11-12,Dairy,DAI_MIL_437,10.67,5.53,284
2,3.34,0.0,480,0,0.5,4,241,0.38,6.5,17.5,2.5,A,2024-11-07,Bakery,BAK_BAG_509,3.34,1.73,336
8,8.61,0.0,75,0,0.9,10,13,0.44,10.2,0.7,0.3,B,2024-12-01,Meat,MEA_LAM_849,8.61,4.71,75
3,8.0,0.0,241,1,0.9,5,93,0.13,33.1,4.9,0.9,B,2024-12-07,Ready_to_Eat,REA_SUS_113,8.0,3.57,241
7,16.89,0.21,79,0,0.9,10,12,0.34,54.7,1.0,0.0,C,2024-11-04,Meat,MEA_TUR_452,21.38,11.87,79
21,9.19,0.0,424,0,0.4,30,18,0.27,53.5,4.0,1.0,B,2024-11-16,Beverages,BEV_COL_291,9.19,3.84,397
3,8.3,0.26,65,1,0.9,9,11,0.19,59.6,2.5,1.5,A,2024-12-13,Meat,MEA_TUR_135,11.22,7.75,47
10,13.08,0.0,141,0,0.75,14,15,0.46,55.6,0.4,3.6,B,2024-12-17,Deli,DEL_HAM_462,13.08,7.84,141
3,24.51,0.25,334,0,0.95,6,75,0.32,61.2,-0.8,0.8,C,2024-11-18,Seafood,SEA_SAL_442,32.68,15.9,334
7,6.98,0.0,349,0,0.7,10,62,0.25,10.8,8.2,4.2,B,2024-11-30,Dairy,DAI_COT_448,6.98,3.06,329
3,5.74,0.24,292,0,0.9,5,87,0.49,38.6,1.9,2.1,C,2024-12-05,Ready_to_Eat,REA_SAL_267,7.55,4.35,292
0,5.22,0.47,275,0,0.9,1,411,0.27,43.7,1.4,2.6,B,2024-12-13,Ready_to_Eat,REA_SAN_684,9.85,5.99,192
9,7.21,0.0,383,1,0.7,13,40,0.49,24.2,2.1,1.9,A,2024-11-25,Dairy,DAI_SOU_140,7.21,4.54,383
7,21.55,0.0,100,0,0.9,10,15,0.37,65.3,-0.6,1.6,B,2024-11-18,Meat,MEA_TUR_131,21.55,10.93,70
11,1.97,0.19,301,1,0.6,18,19,0.43,6.8,13.7,5.7,C,2024-12-20,Produce,PRO_AVO_442,2.43,1.17,301
4,22.92,0.0,285,0,0.9,5,80,0.44,28.6,1.1,0.1,B,2024-12-06,Meat,MEA_GRO_984,22.92,10.24,285
4,11.66,0.0,282,0,0.5,4,201,0.29,48.6,19.6,0.4,A,2024-12-21,Bakery,BAK_PAS_627,11.66,5.26,282
14,2.89,0.0,477,0,0.6,19,44,0.33,4.4,6.4,1.6,B,2024-11-02,Produce,PRO_GRA_275,2.89,1.79,477
4,15.22,0.0,210,0,0.9,5,76,0.11,4.3,7.8,3.8,B,2024-12-10,Ready_to_Eat,REA_SOU_973,15.22,7.83,147
5,10.85,0.0,352,0,0.9,7,98,0.38,28.2,-1.7,2.7,B,2024-11-02,Meat,MEA_TUR_663,10.85,5.96,352
3,5.9,0.0,461,0,0.9,4,159,0.45,54.8,4.6,0.6,B,2024-11-26,Ready_to_Eat,REA_SAL_551,5.9,3.8,440
3,6.34,0.0,40,0,0.5,6,15,0.14,24.1,24.2,4.2,A,2024-12-03,Bakery,BAK_BAG_290,6.34,4.42,40
0,7.01,0.67,185,0,0.9,4,85,0.21,44.1,1.3,0.3,B,2024-11-30,Meat,MEA_POR_776,21.23,11.81,129
12,7.86,0.0,51,0,0.6,14,3,0.23,40.8,8.2,0.2,A,2024-12-11,Produce,PRO_APP_400,7.86,4.8,29
6,7.44,0.0,459,0,0.75,12,57,0.25,40.6,2.2,1.8,B,2024-11-26,Deli,DEL_DIP_298,7.44,3.15,321
4,4.8,0.21,263,1,0.9,5,83,0.22,21.6,3.5,0.5,C,2024-11-23,Ready_to_Eat,REA_SUS_868,6.07,4.07,263
17,1.9,0.0,208,0,0.6,20,10,0.23,50.5,8.3,0.3,B,2024-12-25,Produce,PRO_APP_377,1.9,0.85,149
0,4.8,0.52,162,1,0.75,3,87,0.3,9.2,2.5,1.5,B,2024-11-28,Deli,DEL_HUM_724,10.0,6.01,113
0,7.75,0.48,240,0,0.5,2,235,0.49,35.6,19.0,1.0,B,2024-12-27,Bakery,BAK_PAS_245,14.9,8.6,240
4,24.34,0.0,494,0,0.9,9,93,0.3,38.4,-1.8,2.8,A,2024-11-21,Meat,MEA_GRO_789,24.34,14.62,318
9,15.43,0.0,464,0,0.75,12,83,0.2,29.7,0.4,3.6,A,2024-12-08,Deli,DEL_SAL_242,15.43,8.73,464
14,5.82,0.0,312,0,0.6,21,21,0.19,36.6,8.5,0.5,A,2024-12-27,Produce,PRO_BER_190,5.82,2.86,312
2,7.35,0.0,223,0,0.9,4,113,0.48,49.0,4.8,0.8,A,2024-12-22,Ready_to_Eat,REA_SAN_817,7.35,4.81,156
3,3.52,0.11,383,0,0.6,9,53,0.21,15.4,9.6,1.6,B,2024-11-18,Produce,PRO_GRA_506,3.96,2.57,164
5,19.61,0.0,155,0,0.9,6,33,0.21,32.1,2.5,1.5,B,2024-11-12,Meat,MEA_GRO_333,19.61,12.59,155
2,35.98,0.0,361,0,0.95,3,187,0.27,36.5,-2.1,2.1,A,2024-12-05,Seafood,SEA_COD_681,35.98,23.34,252
5,10.26,0.17,315,0,0.5,5,174,0.45,17.6,22.1,2.1,C,2024-12-29,Bakery,BAK_CAK_702,12.36,7.32,315
10,6.71,0.0,369,0,0.4,13,42,0.45,52.6,3.0,2.0,A,2024-12-14,Beverages,BEV_KOM_642,6.71,4.29,369
14,9.15,0.0,343,0,0.75,14,46,0.16,28.6,3.8,0.2,B,2024-11-07,Deli,DEL_TUR_643,9.15,5.37,343
0,5.55,0.65,171,0,0.9,4,97,0.1,18.9,3.3,0.7,C,2024-11-30,Ready_to_Eat,REA_SAL_361,15.86,8.62,171
1,11.9,0.21,74,0,0.9,2,62,0.42,45.9,1.2,2.8,C,2024-12-04,Ready_to_Eat,REA_FRE_452,15.06,6.44,74
8,4.31,0.0,432,0,0.6,11,45,0.27,58.0,9.6,1.6,B,2024-12-20,Produce,PRO_TOM_424,4.31,2.66,280
6,5.87,0.24,208,0,0.9,6,43,0.34,32.8,-0.5,1.5,C,2024-12-09,Meat,MEA_TUR_477,7.73,3.49,208
20,3.25,0.0,312,0,0.7,29,15,0.32,29.1,4.8,0.8,A,2024-12-21,Dairy,DAI_YOG_646,3.25,2.24,312
1,15.7,0.13,48,0,0.95,3,16,0.12,39.6,1.3,1.3,A,2024-12-27,Seafood,SEA_TUN_731,18.05,9.36,23
6,14.35,0.0,279,1,0.75,8,49,0.47,37.4,5.0,1.0,B,2024-12-31,Deli,DEL_DIP_349,14.35,9.44,195
14,4.65,0.0,468,0,0.7,17,49,0.48,59.5,4.0,0.0,B,2024-12-29,Dairy,DAI_SOU_107,4.65,2.9,468
12,5.07,0.0,40,0,0.7,13,3,0.24,21.7,2.9,1.1,A,2024-11-16,Dairy,DAI_MIL_604,5.07,3.39,32
4,7.02,0.0,112,0,0.5,6,39,0.26,44.9,22.5,2.5,B,2024-11-20,Bakery,BAK_BAG_793,7.02,3.67,110
6,16.06,0.0,147,0,0.75,9,33,0.23,17.6,2.8,1.2,B,2024-12-02,Deli,DEL_HUM_497,16.06,10.48,147
1,12.6,0.37,352,0,0.9,4,110,0.42,63.8,1.8,0.8,A,2024-11-14,Meat,MEA_TUR_383,20.0,10.15,234
4,17.11,0.0,49,0,0.75,7,7,0.33,4.1,5.4,1.4,B,2024-11-15,Deli,DEL_PRE_585,17.11,7.17,33
24,3.64,0.0,95,1,0.4,25,4,0.49,8.0,5.2,0.2,B,2024-11-13,Beverages,BEV_COL_116,3.64,2.43,95
2,6.41,0.21,436,0,0.9,5,120,0.36,44.0,0.1,0.9,C,2024-11-08,Meat,MEA_LAM_156,8.12,5.25,284
1,7.46,0.46,369,0,0.95,6,103,0.38,37.7,-2.1,2.1,C,2024-11-10,Seafood,SEA_SAL_913,13.81,7.43,185
0,20.26,0.54,36,0,0.95,3,17,0.25,53.4,-4.1,4.1,B,2024-11-26,Seafood,SEA_COD_537,44.04,19.99,26
20,7.75,0.0,499,0,0.4,23,28,0.18,24.3,6.7,1.7,A,2024-12-03,Beverages,BEV_COL_476,7.75,3.79,486
3,16.29,0.0,33,0,0.95,7,7,0.35,5.5,-1.6,1.6,B,2024-11-17,Seafood,SEA_COD_955,16.29,7.85,20
5,14.51,0.0,234,0,0.9,5,73,0.16,54.1,3.2,0.8,A,2024-11-18,Ready_to_Eat,REA_SAN_837,14.51,8.75,234
24,7.64,0.0,92,0,0.7,29,7,0.24,68.5,5.0,1.0,A,2024-11-24,Dairy,DAI_COT_176,7.64,4.33,92
7,14.85,0.0,448,0,0.9,10,102,0.31,64.4,4.6,3.6,A,2024-11-10,Meat,MEA_GRO_742,14.85,8.35,448
4,10.35,0.0,489,0,0.7,6,139,0.43,62.4,4.2,0.2,B,2024-11-17,Dairy,DAI_SOU_409,10.35,6.97,489
3,27.06,0.0,103,0,0.95,4,40,0.25,22.6,-1.3,1.3,B,2024-11-08,Seafood,SEA_LOB_401,27.06,13.9,103
0,5.02,0.58,455,0,0.5,3,336,0.17,52.3,20.0,0.0,B,2024-12-05,Bakery,BAK_BRE_693,11.95,5.97,455
2,22.79,0.18,385,0,0.95,5,101,0.19,69.0,2.2,2.2,B,2024-12-31,Seafood,SEA_SAL_640,27.79,18.46,266
4,7.53,0.0,79,0,0.9,4,27,0.14,30.4,3.7,2.7,B,2024-12-18,Meat,MEA_BEE_758,7.53,3.52,79
3,24.23,0.0,304,0,0.95,4,127,0.12,16.5,-2.9,2.9,B,2024-11-30,Seafood,SEA_LOB_592,24.23,15.81,304
1,1.7,0.35,352,1,0.6,4,164,0.41,36.4,8.8,0.8,A,2024-12-01,Produce,PRO_BAN_556,2.62,1.64,246
1,15.74,0.35,217,0,0.9,4,84,0.29,25.0,2.8,1.8,B,2024-12-03,Meat,MEA_SAU_581,24.21,13.31,106
2,40.44,0.0,374,0,0.95,3,181,0.27,62.2,-1.2,1.2,B,2024-12-09,Seafood,SEA_LOB_959,40.44,19.73,374
5,12.49,0.24,43,0,0.75,12,1,0.18,54.6,2.1,1.9,C,2024-12-29,Deli,DEL_HAM_978,16.43,7.94,6
0,2.06,0.68,224,0,0.6,3,98,0.14,18.2,5.3,2.7,B,2024-12-04,Produce,PRO_BAN_409,6.43,3.75,196
4,9.74,0.0,366,0,0.9,7,61,0.15,18.7,3.3,2.3,A,2024-12-27,Meat,MEA_LAM_353,9.74,4.44,299
14,6.86,0.23,490,0,0.4,22,21,0.31,27.5,5.4,0.4,C,2024-12-03,Beverages,BEV_COL_594,8.91,4.76,318
6,4.55,0.0,10,0,0.6,9,1,0.24,48.2,4.3,3.7,B,2024-11-04,Produce,PRO_AVO_802,4.55,2.17,5
2,16.49,0.0,223,1,0.9,4,140,0.4,35.5,3.1,0.9,B,2024-12-22,Ready_to_Eat,REA_SUS_518,16.49,10.88,223
7,5.64,0.0,480,1,0.5,7,148,0.33,57.4,18.8,1.2,B,2024-11-15,Bakery,BAK_BAG_800,5.64,2.97,480
15,5.22,0.18,19,0,0.4,24,0,0.29,21.5,3.7,1.3,C,2024-11-04,Beverages,BEV_COL_498,6.37,3.5,0
14,1.75,0.0,200,0,0.6,21,10,0.2,4.4,5.4,2.6,A,2024-12-17,Produce,PRO_GRA_763,1.75,0.85,129
6,10.21,0.0,291,0,0.5,6,111,0.34,11.6,21.4,1.4,B,2024-11-29,Bakery,BAK_DON_198,10.21,5.3,291
0,10.57,0.51,407,0,0.9,3,270,0.32,60.1,0.3,0.7,A,2024-11-09,Meat,MEA_CHI_149,21.58,12.63,407
3,6.02,0.0,37,0,0.9,6,3,0.46,18.4,-2.9,3.9,A,2024-11-25,Meat,MEA_TUR_755,6.02,4.03,9
8,16.87,0.0,80,0,0.75,11,12,0.28,14.1,2.4,1.6,B,2024-12-19,Deli,DEL_HUM_231,16.87,8.13,56
1,9.73,0.25,390,0,0.75,3,247,0.22,37.2,7.0,3.0,A,2024-12-14,Deli,DEL_PRE_890,12.97,6.11,390
6,4.7,0.0,42,0,0.5,7,15,0.23,33.3,20.5,0.5,B,2024-12-20,Bakery,BAK_BRE_777,4.7,2.32,42
10,1.58,0.0,23,0,0.6,13,3,0.25,32.0,6.7,1.3,B,2024-12-05,Produce,PRO_BER_423,1.58,0.7,23
15,4.78,0.0,453,1,0.4,21,32,0.18,41.5,5.5,0.5,B,2024-12-16,Beverages,BEV_COL_284,4.78,3.16,453
0,7.5,0.47,217,0,0.5,2,209,0.13,35.2,20.4,0.4,A,2024-12-27,Bakery,BAK_BRE_441,14.15,9.19,217
6,17.75,0.0,439,0,0.9,8,87,0.32,66.7,1.0,0.0,A,2024-11-27,Meat,MEA_CHI_544,17.75,8.67,307
4,10.79,0.0,135,0,0.7,6,33,0.4,59.9,3.7,0.3,A,2024-11-11,Dairy,DAI_BUT_534,10.79,4.43,135
2,9.41,0.0,352,1,0.5,2,326,0.49,27.7,19.1,0.9,B,2024-11-20,Bakery,BAK_BAG_763,9.41,5.74,352
18,8.94,0.0,121,0,0.7,25,1,0.24,29.5,6.4,2.4,A,2024-12-26,Dairy,DAI_BUT_812,8.94,4.89,19
6,2.72,0.0,32,0,0.7,9,3,0.33,37.2,2.8,1.2,A,2024-12-02,Dairy,DAI_MIL_283,2.72,1.68,18
12,2.51,0.0,485,0,0.4,19,36,0.16,40.0,4.8,0.2,A,2024-11-25,Beverages,BEV_COL_989,2.51,1.61,394
1,36.39,0.0,46,0,0.95,2,28,0.15,69.9,1.8,1.8,B,2024-12-17,Seafood,SEA_TIL_723,36.39,18.81,34
11,3.2,0.0,280,0,0.4,15,25,0.38,22.2,6.2,1.2,B,2024-11-19,Beverages,BEV_FRE_285,3.2,2.21,280
3,29.53,0.0,46,0,0.95,5,18,0.23,15.4,-0.0,0.0,A,2024-12-25,Seafood,SEA_COD_488,29.53,16.56,46
8,9.65,0.0,108,0,0.75,14,8,0.43,46.1,2.7,1.3,A,2024-11-22,Deli,DEL_HUM_503,9.65,5.78,50
4,7.33,0.2,140,1,0.75,10,19,0.18,58.9,3.4,0.6,B,2024-12-18,Deli,DEL_HUM_714,9.16,5.11,134
3,5.64,0.0,302,0,0.9,4,118,0.44,20.0,-0.3,4.3,B,2024-12-30,Ready_to_Eat,REA_SUS_936,5.64,2.94,302
1,16.77,0.0,103,0,0.9,2,79,0.42,11.5,6.9,2.9,A,2024-11-06,Ready_to_Eat,REA_SAL_915,16.77,11.58,59
8,21.97,0.0,30,0,0.9,9,5,0.34,60.8,-0.7,1.7,A,2024-11-11,Meat,MEA_CHI_529,21.97,14.36,30
2,16.82,0.15,176,0,0.9,6,52,0.24,10.5,2.8,1.8,A,2024-11-20,Meat,MEA_SAU_745,19.79,8.74,154
5,7.48,0.0,171,1,0.9,5,50,0.41,22.4,9.1,5.1,B,2024-11-04,Ready_to_Eat,REA_SOU_679,7.48,3.72,171
12,16.48,0.0,228,0,0.75,13,23,0.31,17.1,4.7,0.7,A,2024-11-05,Deli,DEL_DIP_963,16.48,11.16,228
1,14.98,0.28,203,0,0.95,3,91,0.24,6.4,-0.0,0.0,A,2024-11-07,Seafood,SEA_COD_976,20.81,8.78,120
11,8.21,0.0,91,0,0.7,17,6,0.39,44.2,3.6,0.4,A,2024-11-13,Dairy,DAI_COT_675,8.21,5.36,52
2,26.02,0.13,44,0,0.95,6,9,0.23,56.7,0.4,0.4,B,2024-11-29,Seafood,SEA_SAL_972,29.91,18.07,27
15,3.1,0.0,389,0,0.4,22,27,0.29,50.8,5.0,0.0,B,2024-12-14,Beverages,BEV_MIL_548,3.1,2.03,389
23,2.67,0.0,344,0,0.7,27,18,0.41,14.4,3.7,0.3,B,2024-11-06,Dairy,DAI_MIL_818,2.67,1.49,344
14,6.82,0.0,317,0,0.4,17,20,0.36,16.7,8.6,3.6,B,2024-11-09,Beverages,BEV_SMO_305,6.82,3.21,243
3,7.46,0.0,56,0,0.6,5,11,0.37,7.5,11.0,3.0,B,2024-11-28,Produce,PRO_AVO_757,7.46,4.77,28
4,11.4,0.2,409,0,0.75,5,122,0.27,5.2,7.6,3.6,C,2024-12-28,Deli,DEL_DIP_693,14.25,5.74,409
2,14.33,0.0,359,1,0.5,3,283,0.15,45.4,21.2,1.2,A,2024-11-09,Bakery,BAK_BAG_869,14.33,9.38,359
2,13.98,0.0,487,0,0.5,4,274,0.12,54.2,20.7,0.7,B,2024-12-13,Bakery,BAK_CAK_377,13.98,6.62,484
8,3.57,0.0,321,0,0.4,9,33,0.41,68.3,8.1,3.1,B,2024-11-15,Beverages,BEV_FRE_220,3.57,2.19,224
18,4.42,0.0,379,1,0.6,19,24,0.4,28.5,9.4,1.4,A,2024-12-03,Produce,PRO_GRA_181,4.42,2.19,379
12,4.74,0.0,375,0,0.6,15,36,0.46,27.5,9.2,1.2,A,2024-11-25,Produce,PRO_APP_398,4.74,1.95,375
0,6.55,0.55,399,0,0.9,1,530,0.25,39.0,3.5,0.5,A,2024-11-04,Ready_to_Eat,REA_SOU_769,14.55,6.49,399
14,8.84,0.0,141,0,0.7,17,17,0.42,16.4,3.6,0.4,A,2024-11-03,Dairy,DAI_SOU_684,8.84,5.07,141
0,3.8,0.46,84,0,0.9,2,59,0.12,70.9,3.3,0.7,B,2024-11-07,Ready_to_Eat,REA_SAL_586,7.04,3.92,84
2,11.75,0.0,16,0,0.95,3,3,0.12,9.1,-0.8,0.8,B,2024-11-11,Seafood,SEA_SHR_590,11.75,6.04,4
0,7.44,0.54,113,0,0.9,3,48,0.26,42.5,2.6,1.4,B,2024-12-21,Ready_to_Eat,REA_WRA_197,16.17,7.53,113
14,6.85,0.0,125,0,0.4,16,8,0.37,36.4,5.3,0.3,B,2024-12-30,Beverages,BEV_SMO_701,6.85,2.82,85
1,12.2,0.0,452,0,0.9,2,438,0.26,33.5,3.5,0.5,A,2024-11-24,Ready_to_Eat,REA_SAL_374,12.2,5.07,398
3,17.41,0.0,13,1,0.95,6,1,0.32,10.2,0.2,0.2,A,2024-12-25,Seafood,SEA_COD_771,17.41,10.7,3
6,4.91,0.21,143,0,0.6,10,11,0.14,49.5,7.4,0.6,C,2024-12-25,Produce,PRO_AVO_716,6.22,3.33,113
10,5.94,0.0,235,0,0.4,18,17,0.32,67.9,3.7,1.3,B,2024-11-15,Beverages,BEV_FRE_366,5.94,3.09,208
19,3.16,0.18,322,0,0.4,25,19,0.38,18.3,2.6,2.4,C,2024-12-09,Beverages,BEV_FRE_887,3.85,2.2,322
4,16.89,0.0,227,0,0.9,7,37,0.1,37.3,3.3,2.3,B,2024-12-12,Meat,MEA_CHI_544,16.89,10.82,140
0,3.26,0.52,10,0,0.75,3,3,0.13,33.9,2.7,1.3,B,2024-11-25,Deli,DEL_TUR_175,6.8,4.69,7
3,5.75,0.0,150,1,0.5,7,52,0.36,53.9,19.7,0.3,A,2024-12-03,Bakery,BAK_BAG_918,5.75,3.17,105
4,4.39,0.15,171,0,0.5,4,62,0.17,54.3,20.8,0.8,C,2024-12-24,Bakery,BAK_DON_730,5.17,3.47,171
11,3.15,0.21,347,1,0.6,21,22,0.13,41.1,7.9,0.1,C,2024-12-24,Produce,PRO_AVO_768,3.99,2.46,347
11,8.07,0.0,172,0,0.7,21,7,0.41,64.5,4.3,0.3,A,2024-11-23,Dairy,DAI_CHE_369,8.07,5.06,84
4,5.33,0.0,33,0,0.7,6,9,0.37,63.6,5.0,1.0,B,2024-12-08,Dairy,DAI_SOU_197,5.33,2.95,33
16,9.11,0.0,450,0,0.7,25,31,0.21,18.4,4.1,0.1,B,2024-11-15,Dairy,DAI_YOG_347,9.11,5.09,315
4,2.71,0.17,480,1,0.5,7,130,0.36,26.5,19.5,0.5,C,2024-12-25,Bakery,BAK_MUF_515,3.27,1.34,480
5,26.34,0.0,146,0,0.95,7,38,0.14,63.1,0.9,0.9,A,2024-11-23,Seafood,SEA_TUN_184,26.34,12.76,146
2,3.45,0.17,400,1,0.7,5,122,0.23,11.9,6.0,2.0,B,2024-12-09,Dairy,DAI_SOU_223,4.16,1.71,400
6,23.25,0.0,441,0,0.9,6,99,0.37,21.2,3.0,2.0,A,2024-11-13,Meat,MEA_GRO_555,23.25,10.69,441
3,9.03,0.0,293,0,0.75,7,83,0.49,65.7,6.7,2.7,B,2024-12-08,Deli,DEL_DIP_286,9.03,5.28,184
1,11.27,0.44,431,0,0.95,6,149,0.27,67.6,3.9,3.9,C,2024-12-21,Seafood,SEA_LOB_517,20.13,9.0,221
2,6.76,0.0,437,0,0.5,4,283,0.46,70.5,18.5,1.5,B,2024-12-07,Bakery,BAK_CAK_257,6.76,3.43,437
8,6.13,0.0,22,0,0.6,10,4,0.4,28.4,7.2,0.8,B,2024-11-17,Produce,PRO_BAN_486,6.13,3.28,22
0,5.46,0.56,271,0,0.9,1,433,0.47,4.5,1.9,2.1,C,2024-12-18,Ready_to_Eat,REA_SUS_852,12.41,7.1,271
0,5.17,0.6,156,0,0.95,2,106,0.24,14.3,-1.2,1.2,B,2024-11-09,Seafood,SEA_TUN_226,12.92,8.8,156
4,22.9,0.0,274,0,0.9,9,38,0.35,8.4,2.5,1.5,A,2024-11-05,Meat,MEA_LAM_368,22.9,14.39,172
2,5.17,0.0,254,0,0.5,2,211,0.25,37.2,23.6,3.6,B,2024-12-27,Bakery,BAK_PAS_982,5.17,3.6,177
3,2.94,0.0,394,1,0.6,6,88,0.11,68.0,4.8,3.2,B,2024-11-06,Produce,PRO_AVO_531,2.94,1.96,317
6,14.13,0.0,227,1,0.75,8,58,0.45,5.8,1.6,2.4,A,2024-11-02,Deli,DEL_HAM_328,14.13,8.62,227
4,30.32,0.0,342,0,0.95,5,112,0.45,34.5,0.2,0.2,B,2024-12-11,Seafood,SEA_CRA_892,30.32,12.27,239
3,16.07,0.0,67,1,0.9,7,8,0.38,39.6,-0.7,1.7,B,2024-11-08,Meat,MEA_CHI_856,16.07,8.03,25
15,6.87,0.0,413,1,0.6,18,22,0.36,16.1,8.2,0.2,A,2024-11-18,Produce,PRO_BER_920,6.87,4.5,289
15,5.91,0.0,363,0,0.4,20,24,0.47,60.4,5.0,0.0,B,2024-12-20,Beverages,BEV_FRE_285,5.91,3.05,260
7,9.7,0.0,53,1,0.9,10,4,0.38,14.6,-3.3,4.3,B,2024-12-11,Meat,MEA_SAU_402,9.7,6.07,28
6,7.69,0.0,59,0,0.75,9,11,0.16,46.3,4.9,0.9,A,2024-11-23,Deli,DEL_SAL_115,7.69,4.66,59
4,34.73,0.0,449,0,0.95,7,96,0.41,60.7,-1.3,1.3,B,2024-12-06,Seafood,SEA_SHR_208,34.73,23.81,449
2,16.14,0.0,281,0,0.75,4,127,0.12,15.6,2.7,1.3,B,2024-12-15,Deli,DEL_DIP_119,16.14,7.44,281
7,8.9,0.0,78,0,0.75,10,13,0.32,19.3,5.2,1.2,A,2024-12-21,Deli,DEL_PRE_812,8.9,4.09,78
14,10.97,0.0,368,0,0.7,22,24,0.17,67.4,4.6,0.6,A,2024-11-09,Dairy,DAI_BUT_290,10.97,5.51,334
5,12.95,0.0,362,0,0.75,7,70,0.3,37.7,0.8,3.2,B,2024-12-25,Deli,DEL_TUR_138,12.95,5.9,301
5,5.91,0.0,486,0,0.75,12,68,0.33,21.2,3.0,1.0,B,2024-12-02,Deli,DEL_TUR_456,5.91,2.74,268
5,7.18,0.0,12,0,0.5,6,3,0.22,27.9,23.9,3.9,B,2024-11-23,Bakery,BAK_BAG_311,7.18,3.42,11
13,4.66,0.0,195,0,0.6,19,18,0.24,71.9,10.1,2.1,B,2024-12-22,Produce,PRO_BER_380,4.66,2.53,175
2,11.63,0.19,135,0,0.9,6,20,0.32,32.2,0.5,0.5,B,2024-11-22,Meat,MEA_TUR_766,14.36,7.14,55
9,2.7,0.0,187,0,0.6,10,21,0.17,21.8,10.4,2.4,B,2024-11-05,Produce,PRO_TOM_584,2.7,1.2,179
2,4.19,0.17,58,0,0.75,6,14,0.32,63.2,4.3,0.3,B,2024-11-05,Deli,DEL_HAM_506,5.05,2.93,32
0,4.2,0.65,219,0,0.9,1,298,0.32,30.8,1.6,2.4,B,2024-11-26,Ready_to_Eat,REA_SAN_775,11.99,6.73,153
21,4.83,0.0,18,1,0.4,28,1,0.46,22.0,4.3,0.7,B,2024-12-01,Beverages,BEV_KOM_321,4.83,3.01,18
15,1.47,0.0,137,0,0.6,18,10,0.27,71.1,6.2,1.8,B,2024-12-17,Produce,PRO_BAN_774,1.47,1.02,137
16,2.82,0.0,44,0,0.4,21,1,0.4,70.8,7.6,2.6,B,2024-11-08,Beverages,BEV_KOM_183,2.82,1.78,15
17,8.16,0.0,99,0,0.7,28,9,0.34,53.7,-0.0,4.0,B,2024-11-26,Dairy,DAI_CHE_532,8.16,5.6,99
3,7.29,0.0,65,0,0.5,6,23,0.19,14.4,20.9,0.9,A,2024-11-10,Bakery,BAK_CRO_712,7.29,3.59,52
2,10.94,0.27,121,0,0.9,6,22,0.14,30.5,-1.9,2.9,C,2024-11-05,Meat,MEA_POR_980,14.98,8.47,48
16,5.1,0.24,251,0,0.7,16,20,0.34,42.5,5.2,1.2,C,2024-11-11,Dairy,DAI_SOU_836,6.71,3.48,175
2,16.43,0.0,142,0,0.9,2,114,0.37,9.4,2.3,1.7,B,2024-11-08,Ready_to_Eat,REA_SUS_190,16.43,10.6,142
4,21.69,0.0,134,1,0.9,7,24,0.39,24.1,-0.9,1.9,B,2024-12-10,Meat,MEA_CHI_336,21.69,13.42,79
8,9.49,0.0,242,0,0.75,12,20,0.29,12.0,2.7,1.3,A,2024-11-07,Deli,DEL_PRE_185,9.49,5.99,129
1,12.99,0.45,314,0,0.9,4,128,0.37,27.0,-0.7,1.7,A,2024-12-12,Meat,MEA_BEE_995,23.61,14.12,275
9,12.24,0.24,352,1,0.9,10,47,0.46,46.4,-1.1,2.1,C,2024-11-11,Meat,MEA_GRO_583,16.11,9.46,352
19,6.6,0.21,150,0,0.7,21,12,0.5,57.4,1.8,2.2,C,2024-11-06,Dairy,DAI_CRE_696,8.36,4.32,150
23,10.37,0.0,404,0,0.7,26,21,0.15,64.4,1.6,2.4,B,2024-11-18,Dairy,DAI_CRE_931,10.37,6.01,404
0,5.8,0.55,224,0,0.95,4,87,0.21,59.4,-0.0,0.0,B,2024-12-26,Seafood,SEA_COD_722,12.9,8.71,162
1,3.46,0.3,414,0,0.6,4,149,0.23,10.2,7.4,0.6,B,2024-12-08,Produce,PRO_LET_843,4.95,2.27,289
12,16.15,0.0,70,0,0.75,13,13,0.13,11.8,6.6,2.6,B,2024-12-14,Deli,DEL_HAM_232,16.15,8.45,70
8,7.18,0.19,71,0,0.9,9,12,0.46,13.1,2.7,1.7,C,2024-11-21,Meat,MEA_POR_765,8.86,4.02,71
3,20.09,0.0,255,0,0.9,7,53,0.17,55.3,-4.2,5.2,B,2024-12-20,Meat,MEA_GRO_709,20.09,12.91,152
2,14.72,0.0,368,0,0.9,4,128,0.33,65.3,4.4,0.4,B,2024-12-23,Ready_to_Eat,REA_SUS_892,14.72,7.86,279
14,8.97,0.0,305,0,0.4,20,12,0.12,16.8,1.4,3.6,A,2024-12-12,Beverages,BEV_SMO_158,8.97,5.58,194
6,7.13,0.0,420,1,0.5,7,111,0.34,37.3,21.3,1.3,A,2024-12-03,Bakery,BAK_MUF_775,7.13,3.8,420
2,9.18,0.22,124,0,0.95,4,60,0.24,22.4,-1.0,1.0,C,2024-11-10,Seafood,SEA_TIL_282,11.77,7.18,124
22,8.92,0.0,123,0,0.4,25,8,0.35,45.2,6.9,1.9,B,2024-12-22,Beverages,BEV_SMO_320,8.92,5.88,123
0,8.39,0.49,175,0,0.9,3,84,0.31,6.4,2.0,1.0,B,2024-11-13,Meat,MEA_LAM_477,16.45,8.86,126
0,3.03,0.46,182,0,0.9,3,89,0.2,15.0,4.1,3.1,A,2024-11-21,Meat,MEA_SAU_395,5.61,2.9,127
1,6.62,0.47,338,0,0.5,4,150,0.27,12.0,20.7,0.7,C,2024-11-13,Bakery,BAK_PAS_530,12.5,5.71,273
5,5.88,0.0,34,0,0.4,8,4,0.17,66.9,3.6,1.4,B,2024-12-06,Beverages,BEV_KOM_236,5.88,2.96,17
9,11.85,0.0,440,0,0.9,10,87,0.15,50.2,-0.9,1.9,B,2024-12-01,Meat,MEA_CHI_338,11.85,6.17,308
5,9.55,0.0,500,0,0.9,8,99,0.38,65.5,-1.0,2.0,A,2024-11-21,Meat,MEA_BEE_119,9.55,3.97,500
12,9.89,0.0,196,1,0.4,18,9,0.41,68.3,5.9,0.9,A,2024-12-06,Beverages,BEV_MIL_212,9.89,4.95,138
5,21.06,0.0,421,0,0.9,7,104,0.31,9.2,4.0,3.0,B,2024-12-22,Meat,MEA_LAM_376,21.06,8.62,421
4,19.19,0.0,259,0,0.95,5,80,0.21,11.1,-0.6,0.6,B,2024-11-08,Seafood,SEA_TUN_715,19.19,7.73,259
6,9.93,0.0,63,0,0.5,7,13,0.44,57.9,17.8,2.2,B,2024-12-29,Bakery,BAK_PAS_782,9.93,6.18,56
